,Player,Age,Pos,Tm,GP,G,A,PTS,+/-,PIM,EVG,PPG,SHG,GW,EVA,PPA,SHA,S,S%,TOI,ATOI,PS
0,Antti Aalto,24,C,MDA,63,7,11,18,-13,26,6,1,0,1,11,0,0,102,6.9,830,13:11,0.7
1,Bryan Adams,22,LW,ATL,2,0,0,0,-1,0,0,0,0,0,0,0,0,1,0.0,22,10:57,-0.1
2,Greg Adams,36,LW,PHX,69,19,27,46,-1,14,14,5,0,0,20,7,0,129,14.7,1171,16:58,4.5
3,Kevyn Adams,25,C,TOR,52,5,8,13,-7,39,5,0,0,0,7,0,1,70,7.1,644,12:23,0.4
4,Maxim Afinogenov,20,RW,BUF,65,16,18,34,-4,41,14,2,0,2,12,6,0,128,12.5,854,13:09,3.7
5,Johnathan Aitken,21,D,BOS,3,0,0,0,-3,0,0,0,0,0,0,0,0,2,0.0,57,18:57,-0.2
6,Mika Alatalo,28,LW,PHX,82,10,17,27,-3,36,9,1,0,1,17,0,0,107,9.3,1035,12:37,1.8
7,Tommy Albelin,35,D,CGY,41,4,6,10,-3,12,2,1,1,1,4,1,1,37,10.8,885,21:35,2.1
8,Keith Aldridge,26,D,DAL,4,0,0,0,1,0,0,0,0,0,0,0,0,6,0.0,44,11:05,0.2
9,Daniel Alfredsson,27,RW,OTT,57,21,38,59,11,28,15,4,2,0,27,9,2,164,12.8,1069,18:45,7.1
10,Jamie Allison,24,D,CHI,59,1,3,4,-5,102,1,0,0,0,3,0,0,24,4.2,840,14:14,0.7
11,Jason Allison,24,C,BOS,37,10,18,28,5,20,7,3,0,1,9,9,0,66,15.2,797,21:33,2.9
12,Tony Amonte,29,RW,CHI,82,43,41,84,10,48,27,11,5,2,32,8,1,260,16.5,1795,21:54,10.3
13,Mikael Andersson,33,LW,TOT,55,2,6,8,-3,4,1,0,1,0,5,0,1,57,3.5,559,10:10,0.1
14,Mikael Andersson,33,LW,PHI,36,2,3,5,-2,0,1,0,1,0,3,0,0,38,5.3,377,10:29,0.1
15,Mikael Andersson,33,LW,NYI,19,0,3,3,-1,4,0,0,0,0,2,0,1,19,0.0,182,9:33,0.0
16,Niklas Andersson,28,LW,TOT,24,3,8,11,-3,8,2,1,0,0,4,3,1,31,9.7,316,13:11,0.8
17,Niklas Andersson,28,LW,NYI,17,3,7,10,-3,8,2,1,0,0,3,3,1,24,12.5,226,13:19,0.9
18,Niklas Andersson,28,LW,NSH,7,0,1,1,0,0,0,0,0,0,1,0,0,7,0.0,90,12:50,0.0
19,Dave Andreychuk,36,LW,TOT,77,20,16,36,-20,30,12,8,0,3,7,9,0,233,8.6,1491,19:22,2.7
20,Dave Andreychuk,36,LW,BOS,63,19,14,33,-11,28,12,7,0,2,6,8,0,192,9.9,1249,19:50,3.0
21,Dave Andreychuk,36,LW,COL,14,1,2,3,-9,2,0,1,0,1,1,1,0,41,2.4,242,17:16,-0.3
22,Greg Andrusak,30,D,TOR,9,0,1,1,1,4,0,0,0,0,1,0,0,5,0.0,166,18:25,0.3
23,Nik Antropov,19,C,TOR,66,12,18,30,14,41,12,0,0,2,16,2,0,89,13.5,845,12:48,3.4
24,Derek Armstrong,26,C,NYR,1,0,0,0,0,0,0,0,0,0,0,0,0,1,0.0,3,3:10,0.0
25,Jason Arnott,25,RW,NJD,76,22,34,56,22,51,15,7,0,4,26,8,0,244,9.0,1299,17:05,6.6
26,Magnus Arvedson,28,LW,OTT,47,15,13,28,4,36,13,1,1,4,13,0,0,91,16.5,849,18:04,3.3
27,Arron Asham,21,RW,MTL,33,4,2,6,-7,24,3,0,1,1,1,1,0,29,13.8,338,10:14,0.3
28,Kaspars Astashenko,24,D,TBL,8,0,1,1,-2,4,0,0,0,0,1,0,0,3,0.0,134,16:48,0.1
29,Blair Atcheynum,30,RW,CHI,47,5,7,12,-8,6,5,0,0,0,7,0,0,48,10.4,576,12:15,0.4
30,Serge Aubin,24,LW,COL,15,2,1,3,1,6,2,0,0,1,1,0,0,14,14.3,99,6:37,0.4
31,Adrian Aucoin,26,D,VAN,57,10,14,24,7,30,6,4,0,1,9,5,0,126,7.9,1317,23:06,5.1
32,Donald Audette,30,RW,TOT,63,19,24,43,2,57,17,1,1,4,15,9,0,162,11.7,1034,16:25,4.6
33,Donald Audette,30,RW,LAK,49,12,20,32,6,45,11,1,0,3,13,7,0,112,10.7,732,14:56,3.4
34,Donald Audette,30,RW,ATL,14,7,4,11,-4,12,6,0,1,1,2,2,0,50,14.0,302,21:35,1.3
35,P.J. Axelsson,24,LW,BOS,81,10,16,26,1,24,10,0,0,4,15,1,0,186,5.4,1354,16:43,1.6
36,Maxim Balmochnykh,20,LW,MDA,6,0,1,1,2,2,0,0,0,0,1,0,0,6,0.0,40,6:44,0.1
37,Frank Banham,24,RW,MDA,3,0,0,0,0,2,0,0,0,0,0,0,0,4,0.0,20,6:47,0.0
38,Matthew Barnaby,26,LW,PIT,64,12,12,24,3,197,12,0,0,3,11,1,0,80,15.0,809,12:38,2.2
39,Stu Barnes,29,C,BUF,82,20,25,45,-3,16,10,8,2,2,17,8,0,137,14.6,1426,17:23,4.3
40,Murray Baron,32,D,VAN,81,2,10,12,8,67,2,0,0,0,8,1,1,48,4.2,1750,21:36,3.4
41,Len Barrie,30,C,TOT,60,9,14,23,9,62,9,0,0,0,13,1,0,61,14.8,741,12:21,2.3
42,Len Barrie,30,C,LAK,46,5,8,13,5,56,5,0,0,0,8,0,0,46,10.9,546,11:52,1.0
43,Len Barrie,30,C,FLA,14,4,6,10,4,6,4,0,0,0,5,1,0,15,26.7,195,13:57,1.3
44,Lubos Bartecko,23,LW,STL,67,16,23,39,24,51,13,3,0,3,21,2,0,75,21.3,908,13:33,5.1
45,Andrei Bashkirov,29,LW,MTL,2,0,0,0,0,0,0,0,0,0,0,0,0,0,,10,5:10,0.0
46,Bob Bassen,34,C,STL,27,1,3,4,-3,26,1,0,0,0,3,0,0,26,3.8,266,9:51,0.0
47,Shawn Bates,24,C,BOS,44,5,7,12,-17,14,5,0,0,1,7,0,0,65,7.7,478,10:52,0.3
48,Bates Battaglia,24,LW,CAR,77,16,18,34,20,39,13,3,0,3,17,1,0,86,18.6,1171,15:12,4.3
49,Nolan Baumgartner,23,D,WSH,8,0,1,1,1,2,0,0,0,0,0,1,0,6,0.0,84,10:31,0.3
50,Steve Begin,21,C,CGY,13,1,1,2,-3,18,1,0,0,0,1,0,0,3,33.3,94,7:13,0.0
51,Derek Bekar,24,C,STL,1,0,0,0,0,0,0,0,0,0,0,0,0,0,,5,5:14,0.0
52,Wade Belak,23,D,CGY,40,0,2,2,-4,122,0,0,0,0,2,0,0,11,0.0,302,7:33,0.2
53,Jesse Belanger,30,C,MTL,16,3,6,9,2,2,3,0,0,0,5,1,0,21,14.3,171,10:41,1.1
54,Ken Belanger,25,LW,BOS,37,2,2,4,-4,44,2,0,0,0,2,0,0,20,10.0,196,5:17,0.2
55,Josef Beranek,30,C,TOT,71,13,12,25,-12,57,9,4,0,1,9,3,0,139,9.4,1029,14:29,1.6
56,Josef Beranek,30,C,EDM,58,9,8,17,-6,39,6,3,0,1,6,2,0,107,8.4,772,13:19,1.1
57,Josef Beranek,30,C,PIT,13,4,4,8,-6,18,3,1,0,0,3,1,0,32,12.5,257,19:46,0.5
58,Bryan Berard,22,D,TOR,64,3,27,30,11,42,2,1,0,0,17,10,0,98,3.1,1253,19:34,5.1
59,Drake Berehowsky,28,D,NSH,79,12,20,32,-4,87,7,5,0,1,13,7,0,102,11.8,1790,22:39,6.5
60,Bubba Berenzweig,22,D,NSH,2,0,0,0,-1,0,0,0,0,0,0,0,0,3,0.0,35,17:32,0.0
61,Sergei Berezin,28,LW,TOR,61,26,13,39,8,2,21,5,0,4,10,3,0,241,10.8,1029,16:52,5.2
62,Aki Berg,22,D,LAK,70,3,13,16,-1,45,3,0,0,0,11,2,0,70,4.3,1165,16:39,2.6
63,Marc Bergevin,34,D,STL,81,1,8,9,27,75,1,0,0,0,7,0,1,54,1.9,1723,21:16,5.3
64,Eric Bertrand,24,LW,TOT,12,0,0,0,-6,4,0,0,0,0,0,0,0,12,0.0,111,9:13,-0.4
65,Eric Bertrand,24,LW,ATL,8,0,0,0,-5,4,0,0,0,0,0,0,0,11,0.0,79,9:56,-0.3
66,Eric Bertrand,24,LW,NJD,4,0,0,0,-1,0,0,0,0,0,0,0,0,1,0.0,31,7:47,-0.1
67,Todd Bertuzzi,24,RW,VAN,80,25,25,50,-2,126,21,4,0,2,18,7,0,173,14.5,1232,15:24,5.5
68,Craig Berube,34,LW,PHI,77,4,8,12,3,162,4,0,0,0,8,0,0,63,6.3,616,8:00,0.9
69,Radim Bicanek,25,D,CHI,11,0,3,3,7,4,0,0,0,0,3,0,0,8,0.0,203,18:27,1.0
70,Mathieu Biron,19,D,NYI,60,4,4,8,-13,38,2,2,0,2,2,2,0,70,5.7,902,15:02,1.1
71,James Black,30,LW,WSH,49,8,9,17,-1,6,7,1,0,1,6,1,2,71,11.3,591,12:03,1.5
72,Jason Blake,26,C,LAK,64,5,18,23,4,26,5,0,0,1,14,4,0,131,3.8,722,11:17,1.7
73,Rob Blake,30,D,LAK,77,18,39,57,10,112,6,12,0,5,24,14,1,327,5.5,2194,28:30,9.8
74,Doug Bodger,33,D,VAN,13,0,1,1,-6,4,0,0,0,0,1,0,0,11,0.0,212,16:17,-0.2
75,Eric Boguniecki,24,C,FLA,4,0,0,0,-1,2,0,0,0,0,0,0,0,5,0.0,34,8:35,-0.1
76,Alexandre Boikov,24,D,NSH,2,0,0,0,0,2,0,0,0,0,0,0,0,1,0.0,17,8:31,0.0
77,Brad Bombardir,27,D,NJD,32,3,1,4,-6,6,3,0,0,0,0,1,0,24,12.5,509,15:54,0.7
78,Peter Bondra,31,RW,WSH,62,21,17,38,5,30,13,5,3,5,11,6,0,187,11.2,1166,18:48,4.3
79,Radek Bonk,24,C,OTT,80,23,37,60,-2,53,13,10,0,5,26,10,1,167,13.8,1458,18:14,6.3
80,Ryan Bonni,20,D,VAN,3,0,0,0,-1,0,0,0,0,0,0,0,0,1,0.0,29,9:37,-0.1
81,Dennis Bonvie,26,RW,PIT,28,0,0,0,-2,80,0,0,0,0,0,0,0,6,0.0,91,3:14,-0.2
82,Sebastien Bordeleau,24,C,NSH,60,10,13,23,-12,30,8,0,2,1,12,0,1,127,7.9,836,13:56,1.7
83,Jason Botterill,23,LW,TOT,27,1,4,5,-11,17,1,0,0,1,4,0,0,19,5.3,298,11:02,-0.3
84,Jason Botterill,23,LW,ATL,25,1,4,5,-7,17,1,0,0,1,4,0,0,17,5.9,282,11:16,-0.1
85,Jason Botterill,23,LW,CGY,2,0,0,0,-4,0,0,0,0,0,0,0,0,2,0.0,16,8:00,-0.2
86,Joel Bouchard,26,D,TOT,54,1,4,5,-10,25,1,0,0,0,4,0,0,61,1.6,991,18:21,1.1
87,Joel Bouchard,26,D,NSH,52,1,4,5,-11,23,1,0,0,0,4,0,0,60,1.7,972,18:41,1.0
88,Joel Bouchard,26,D,DAL,2,0,0,0,1,2,0,0,0,0,0,0,0,1,0.0,20,9:45,0.1
89,Philippe Boucher,26,D,LAK,1,0,0,0,0,0,0,0,0,0,0,0,0,3,0.0,17,17:04,0.0
90,Bob Boughner,28,D,TOT,73,3,4,7,-11,166,2,1,0,1,4,0,0,40,7.5,1262,17:17,1.7
91,Bob Boughner,28,D,NSH,62,2,4,6,-13,97,2,0,0,0,4,0,0,32,6.3,1074,17:20,1.2
92,Bob Boughner,28,D,PIT,11,1,0,1,2,69,0,1,0,1,0,0,0,8,12.5,188,17:05,0.5
93,Francis Bouillon,24,D,MTL,74,3,13,16,-7,38,1,2,0,1,9,4,0,76,3.9,1174,15:52,3.4
94,Ray Bourque,39,D,TOT,79,18,34,52,-2,26,5,13,0,0,10,24,0,260,6.9,2148,27:11,9.7
95,Ray Bourque,39,D,BOS,65,10,28,38,-11,20,4,6,0,0,8,20,0,217,4.6,1768,27:12,6.3
96,Ray Bourque,39,D,COL,14,8,6,14,9,6,1,7,0,0,2,4,0,43,18.6,380,27:08,3.4
97,Dan Boyle,23,D,FLA,13,0,3,3,-2,4,0,0,0,0,2,1,0,9,0.0,220,16:57,0.4
98,Nick Boynton,21,D,BOS,5,0,0,0,-5,0,0,0,0,0,0,0,0,6,0.0,107,21:21,-0.3
99,Donald Brashear,28,LW,VAN,60,11,2,13,-9,136,10,1,0,3,1,1,0,83,13.3,787,13:07,0.7
100,Eric Brewer,20,D,NYI,26,0,2,2,-11,20,0,0,0,0,2,0,0,30,0.0,482,18:33,-0.2
101,Daniel Briere,22,C,PHX,13,1,1,2,0,0,1,0,0,0,1,0,0,9,11.1,100,7:41,0.1
102,Travis Brigley,22,LW,CGY,17,0,2,2,-6,4,0,0,0,0,1,0,1,17,0.0,242,14:14,-0.4
103,Aris Brimanis,27,D,NYI,18,2,1,3,-5,6,0,2,0,0,1,0,0,16,12.5,360,20:00,0.5
104,Rod Brind'Amour,29,C,TOT,45,9,13,22,-13,26,4,4,1,1,9,4,0,87,10.3,929,20:39,1.4
105,Rod Brind'Amour,29,C,CAR,33,4,10,14,-12,22,3,0,1,1,7,3,0,61,6.6,679,20:35,0.4
106,Rod Brind'Amour,29,C,PHI,12,5,3,8,-1,4,1,4,0,0,2,1,0,26,19.2,250,20:50,1.0
107,Patrice Brisebois,29,D,MTL,54,10,25,35,-1,18,5,5,0,2,13,12,0,88,11.4,1254,23:14,6.8
108,Brad Brown,24,D,CHI,57,0,9,9,-1,134,0,0,0,0,8,0,1,15,0.0,809,14:12,1.4
109,Curtis Brown,23,C,BUF,74,22,29,51,19,42,17,5,0,4,25,4,0,149,14.8,1345,18:11,6.1
110,Doug Brown,35,RW,DET,51,10,8,18,8,12,9,0,1,0,7,0,1,67,14.9,657,12:53,2.0
111,Kevin Brown,25,RW,EDM,7,0,0,0,0,0,0,0,0,0,0,0,0,5,0.0,58,8:21,-0.1
112,Rob Brown,31,RW,PIT,50,10,13,23,-13,10,6,4,0,3,2,11,0,73,13.7,531,10:37,1.8
113,Sean Brown,23,D,EDM,72,4,8,12,1,192,4,0,0,2,7,1,0,36,11.1,914,12:41,2.7
114,Benoit Brunet,31,LW,MTL,50,14,15,29,3,13,7,6,1,2,10,5,0,103,13.6,899,17:59,3.4
115,Andrew Brunette,26,LW,ATL,81,23,27,50,-32,30,14,9,0,2,15,12,0,107,21.5,1272,15:42,4.4
116,Sergei Brylin,26,C,NJD,64,9,11,20,0,20,8,1,0,1,10,1,0,84,10.7,857,13:23,1.5
117,Kelly Buchberger,33,LW,TOT,81,7,13,20,-36,152,7,0,0,0,12,1,0,76,9.2,1303,16:05,-0.6
118,Kelly Buchberger,33,LW,ATL,68,5,12,17,-34,139,5,0,0,0,11,1,0,56,8.9,1112,16:21,-0.7
119,Kelly Buchberger,33,LW,LAK,13,2,1,3,-2,13,2,0,0,0,1,0,0,20,10.0,191,14:43,0.1
120,Jan Bulis,21,C,WSH,56,9,22,31,7,30,9,0,0,1,19,3,0,92,9.8,780,13:55,3.1
121,Pavel Bure,28,RW,FLA,74,58,36,94,25,16,45,11,2,14,27,9,0,360,16.1,1804,24:23,13.5
122,Valeri Bure,25,RW,CGY,82,35,40,75,-7,50,22,13,0,6,22,18,0,308,11.4,1720,20:58,8.0
123,Marc Bureau,33,C,TOT,63,3,5,8,-4,12,2,0,1,0,5,0,0,51,5.9,724,11:29,-0.1
124,Marc Bureau,33,C,PHI,54,2,2,4,-1,10,1,0,1,0,2,0,0,46,4.3,596,11:02,-0.3
125,Marc Bureau,33,C,CGY,9,1,3,4,-3,2,1,0,0,0,3,0,0,5,20.0,128,14:13,0.2
126,Shawn Burr,33,LW,TBL,4,0,2,2,2,0,0,0,0,0,2,0,0,6,0.0,46,11:28,0.2
127,Adam Burt,31,D,PHI,67,1,6,7,-2,45,1,0,0,1,6,0,0,49,2.0,1093,16:19,2.3
128,Sven Butensch√∂n,23,D,PIT,3,0,0,0,3,0,0,0,0,0,0,0,0,2,0.0,49,16:25,0.3
129,Viacheslav Butsayev,29,C,TOT,5,0,0,0,-4,0,0,0,0,0,0,0,0,2,0.0,45,9:04,-0.2
130,Viacheslav Butsayev,29,C,OTT,3,0,0,0,-2,0,0,0,0,0,0,0,0,1,0.0,28,9:19,-0.1
131,Viacheslav Butsayev,29,C,TBL,2,0,0,0,-2,0,0,0,0,0,0,0,0,1,0.0,17,8:42,-0.1
132,Yuri Butsayev,21,C,DET,57,5,3,8,-6,12,5,0,0,0,3,0,0,46,10.9,547,9:36,0.1
133,Petr Buzek,22,D,ATL,63,5,14,19,-22,41,2,3,0,0,10,4,0,90,5.6,1159,18:24,2.3
134,Dan Bylsma,29,LW,LAK,64,3,6,9,-2,55,2,0,1,0,6,0,0,43,7.0,665,10:23,-0.1
135,Eric Cairns,25,D,NYI,67,2,7,9,-5,196,2,0,0,0,5,0,2,55,3.6,1187,17:43,1.9
136,Kyle Calder,21,C,CHI,8,1,1,2,-3,2,1,0,0,0,1,0,0,5,20.0,80,9:59,0.0
137,Brian Campbell,20,D,BUF,12,1,4,5,-2,4,1,0,0,0,2,2,0,10,10.0,190,15:48,0.7
138,Jim Campbell,26,RW,STL,2,0,0,0,0,9,0,0,0,0,0,0,0,6,0.0,31,15:17,0.0
139,Guy Carbonneau,39,C,DAL,69,10,6,16,10,36,9,0,1,4,6,0,0,70,14.3,1079,15:38,1.6
140,Keith Carney,29,D,PHX,82,4,20,24,11,87,4,0,0,1,18,2,0,73,5.5,1738,21:12,5.2
141,Anson Carter,25,C,BOS,59,22,25,47,8,14,18,4,0,1,16,9,0,144,15.3,1211,20:31,5.6
142,Andrew Cassels,30,C,VAN,79,17,45,62,8,16,11,6,0,1,27,17,1,109,15.6,1526,19:19,5.8
143,Shawn Chambers,33,D,DAL,4,0,0,0,-2,4,0,0,0,0,0,0,0,2,0.0,92,22:59,0.0
144,Zdeno Chara,22,D,NYI,65,2,9,11,-27,57,2,0,0,1,8,0,1,47,4.3,1486,22:52,0.6
145,Eric Charron,30,D,CGY,21,0,0,0,-3,37,0,0,0,0,0,0,0,8,0.0,220,10:29,0.0
146,Brad Chartrand,25,RW,LAK,50,6,6,12,4,17,5,0,1,3,6,0,0,51,11.8,552,11:03,1.0
147,Kelly Chase,32,RW,STL,25,0,1,1,-5,118,0,0,0,0,1,0,0,14,0.0,194,7:46,-0.4
148,Vladimir Chebaturkin,24,D,NYI,17,1,1,2,-3,8,1,0,0,0,1,0,0,9,11.1,288,16:57,0.4
149,Chris Chelios,38,D,DET,81,3,31,34,48,103,3,0,0,0,25,4,2,135,2.2,2047,25:16,9.2
150,Tom Chorske,33,LW,PIT,33,1,5,6,-2,2,1,0,0,0,4,0,1,14,7.1,259,7:50,0.1
151,Ryan Christie,21,LW,DAL,5,0,0,0,-1,0,0,0,0,0,0,0,0,1,0.0,12,2:29,-0.1
152,Artem Chubarov,20,C,VAN,49,1,8,9,-4,10,1,0,0,1,8,0,0,53,1.9,574,11:43,-0.1
153,Marian Cisar,21,RW,NSH,3,0,0,0,-2,4,0,0,0,0,0,0,0,2,0.0,25,8:18,-0.1
154,Brett Clark,23,D,ATL,14,0,1,1,-12,4,0,0,0,0,1,0,0,13,0.0,236,16:51,-0.5
155,Chris Clark,23,RW,CGY,22,0,1,1,-3,14,0,0,0,0,1,0,0,17,0.0,199,9:02,-0.4
156,Wendel Clark,33,LW,TOT,33,4,2,6,-5,34,4,0,0,1,2,0,0,63,6.3,401,12:09,0.1
157,Wendel Clark,33,LW,TOR,20,2,2,4,-3,21,2,0,0,1,2,0,0,36,5.6,237,11:50,0.1
158,Wendel Clark,33,LW,CHI,13,2,0,2,-2,13,2,0,0,0,0,0,0,27,7.4,164,12:38,0.0
159,Dan Cleary,21,LW,EDM,17,3,2,5,-1,8,3,0,0,1,1,1,0,18,16.7,166,9:44,0.5
160,Ben Clymer,21,D,TBL,60,2,6,8,-26,87,0,2,0,0,5,1,0,98,2.0,1177,19:37,0.0
161,Paul Coffey,38,D,CAR,69,11,29,40,-6,40,5,6,0,3,13,16,0,155,7.1,1558,22:35,7.1
162,Paul Comrie,22,C,EDM,15,1,2,3,-2,4,1,0,0,0,2,0,0,11,9.1,155,10:21,0.1
163,Tim Connolly,18,C,NYI,81,14,20,34,-25,44,11,2,1,1,16,4,0,114,12.3,1321,16:18,1.8
164,Craig Conroy,28,C,STL,79,12,15,27,5,36,9,1,2,3,13,0,2,98,12.2,1170,14:48,2.4
165,Matt Cooke,21,LW,VAN,51,5,7,12,3,39,4,0,1,1,7,0,0,58,8.6,602,11:48,0.8
166,Rene Corbet,26,LW,TOT,52,5,10,15,-11,60,4,1,0,0,8,2,0,109,4.6,605,11:38,0.6
167,Rene Corbet,26,LW,CGY,48,4,10,14,-7,60,4,0,0,0,8,2,0,100,4.0,565,11:46,0.6
168,Rene Corbet,26,LW,PIT,4,1,0,1,-4,0,0,1,0,0,0,0,0,9,11.1,40,9:55,0.0
169,Bob Corkum,32,RW,LAK,45,5,6,11,0,14,5,0,0,0,5,0,1,45,11.1,650,14:26,0.4
170,Shayne Corson,33,LW,MTL,70,8,20,28,-2,115,6,2,0,1,7,12,1,121,6.6,1336,19:05,1.9
171,Patrick Cote,25,LW,NSH,21,0,0,0,-7,70,0,0,0,0,0,0,0,8,0.0,110,5:13,-0.4
172,Sylvain Cote,34,D,TOT,76,8,27,35,3,28,3,5,0,2,14,13,0,128,6.3,1625,21:23,6.3
173,Sylvain Cote,34,D,CHI,45,6,18,24,-4,14,1,5,0,2,11,7,0,78,7.7,1051,23:22,3.5
174,Sylvain Cote,34,D,DAL,28,2,8,10,6,14,2,0,0,0,3,5,0,47,4.3,509,18:10,2.5
175,Sylvain Cote,34,D,TOR,3,0,1,1,1,0,0,0,0,0,0,1,0,3,0.0,65,21:40,0.2
176,Geoff Courtnall,37,LW,STL,6,2,2,4,3,6,2,0,0,1,1,1,0,15,13.3,86,14:20,0.6
177,Jeff Cowan,23,LW,CGY,13,4,1,5,2,16,4,0,0,0,1,0,0,26,15.4,135,10:22,0.8
178,Murray Craven,35,C,SJS,19,0,2,2,-2,4,0,0,0,0,1,1,0,18,0.0,249,13:06,-0.3
179,Cory Cross,29,D,TOR,71,4,11,15,13,64,4,0,0,1,10,0,1,60,6.7,1135,15:59,3.8
180,Phil Crowe,29,RW,NSH,4,0,0,0,0,10,0,0,0,0,0,0,0,1,0.0,16,4:06,0.0
181,Matt Cullen,23,C,MDA,80,13,26,39,5,24,12,1,0,1,18,7,1,137,9.5,1352,16:54,3.3
182,Jassen Cullimore,27,D,TBL,46,1,1,2,-12,66,1,0,0,0,1,0,0,23,4.3,719,15:38,0.0
183,Jim Cummins,29,RW,MTL,47,3,5,8,-5,92,3,0,0,0,4,1,0,33,9.1,422,8:58,0.4
184,Mariusz Czerkawski,27,RW,NYI,79,35,35,70,-16,34,19,16,0,4,22,13,0,276,12.7,1402,17:45,8.1
185,Andreas Dackell,27,RW,OTT,82,10,25,35,5,18,10,0,0,1,20,5,0,99,10.1,1335,16:17,2.7
186,Ulf Dahlen,33,RW,WSH,75,15,23,38,11,8,10,5,0,4,21,2,0,106,14.2,949,12:40,4.3
187,Alexandre Daigle,24,RW,NYR,58,8,18,26,-5,23,7,1,0,1,13,5,0,52,15.4,637,10:59,2.2
188,J.J. Daigneault,34,D,PHX,53,1,6,7,-16,22,1,0,0,0,5,1,0,44,2.3,753,14:12,0.2
189,Vincent Damphousse,32,C,SJS,82,21,49,70,4,58,17,3,1,1,17,27,5,204,10.3,1676,20:26,6.8
190,Mathieu Dandenault,23,D,DET,81,6,12,18,-12,20,6,0,0,0,11,0,1,98,6.1,986,12:10,2.3
191,Ken Daneyko,35,D,NJD,78,0,6,6,13,98,0,0,0,0,5,0,1,74,0.0,1411,18:06,3.0
192,Jeff Daniels,31,LW,CAR,69,3,4,7,-8,10,3,0,0,0,4,0,0,28,10.7,531,7:42,0.0
193,Craig Darby,27,C,MTL,76,7,10,17,-14,14,6,0,1,2,10,0,0,90,7.8,1045,13:45,0.6
194,Johan Davidsson,24,C,TOT,19,3,4,7,0,2,3,0,0,1,3,1,0,29,10.3,215,11:19,0.7
195,Johan Davidsson,24,C,NYI,14,2,4,6,0,0,2,0,0,0,3,1,0,21,9.5,162,11:32,0.6
196,Johan Davidsson,24,C,MDA,5,1,0,1,0,2,1,0,0,1,0,0,0,8,12.5,53,10:42,0.1
197,Jason Dawe,26,RW,NYR,3,0,1,1,0,2,0,0,0,0,1,0,0,8,0.0,41,13:35,0.0
198,Eric Daze,24,RW,CHI,59,23,13,36,-16,28,17,6,0,1,7,5,1,143,16.1,959,16:15,3.8
199,Greg de Vries,27,D,COL,69,2,7,9,-7,73,2,0,0,0,7,0,0,40,5.0,1034,14:59,1.7
200,Adam Deadmarsh,24,RW,COL,71,18,27,45,-10,106,13,5,0,4,12,14,1,153,11.8,1452,20:27,3.7
201,Kevin Dean,30,D,TOT,64,3,8,11,3,36,2,0,1,0,7,1,0,47,6.4,1049,16:24,2.8
202,Kevin Dean,30,D,CHI,27,2,8,10,9,12,2,0,0,0,7,1,0,32,6.3,502,18:36,2.3
203,Kevin Dean,30,D,ATL,23,1,0,1,-5,14,0,0,1,0,0,0,0,9,11.1,389,16:53,0.3
204,Kevin Dean,30,D,DAL,14,0,0,0,-1,10,0,0,0,0,0,0,0,6,0.0,158,11:19,0.2
205,Louie DeBrusk,28,LW,PHX,61,4,3,7,1,78,4,0,0,0,3,0,0,24,16.7,327,5:21,0.6
206,Andy Delmore,23,D,PHI,27,2,5,7,-1,8,2,0,0,1,4,1,0,55,3.6,467,17:17,1.5
207,Pavol Demitra,25,RW,STL,71,28,47,75,34,8,20,8,0,4,32,15,0,241,11.6,1365,19:13,9.7
208,Nathan Dempsey,25,LW,TOR,6,0,2,2,2,2,0,0,0,0,2,0,0,3,0.0,82,13:40,0.1
209,Eric Desjardins,30,D,PHI,81,14,41,55,20,32,6,8,0,4,25,16,0,207,6.8,2188,27:01,12.0
210,Boyd Devereaux,21,C,EDM,76,8,19,27,7,20,7,0,1,2,19,0,0,108,7.4,958,12:36,2.3
211,Gerald Diduck,34,D,TOR,26,0,3,3,2,33,0,0,0,0,3,0,0,18,0.0,401,15:25,0.7
212,Rob DiMaio,31,RW,TOT,62,6,19,25,-9,50,6,0,0,0,18,1,0,111,5.4,1025,16:32,1.2
213,Rob DiMaio,31,RW,BOS,50,5,16,21,-1,42,5,0,0,0,16,0,0,93,5.4,839,16:47,1.3
214,Rob DiMaio,31,RW,NYR,12,1,3,4,-8,8,1,0,0,0,2,1,0,18,5.6,186,15:30,-0.1
215,Kevin Dineen,36,RW,OTT,67,4,8,12,2,57,4,0,0,1,8,0,0,71,5.6,638,9:31,0.7
216,Chris Dingman,23,LW,COL,68,8,3,11,-2,132,6,2,0,1,1,2,0,54,14.8,441,6:29,1.1
217,Shane Doan,23,RW,PHX,81,26,25,51,6,66,24,1,1,4,23,2,0,221,11.8,1365,16:51,5.7
218,Jason Doig,23,D,NYR,7,0,1,1,-2,22,0,0,0,0,1,0,0,3,0.0,62,8:50,0.0
219,Bobby Dollas,35,D,TOT,50,3,7,10,6,28,2,1,0,0,7,0,0,36,8.3,1004,20:05,2.8
220,Bobby Dollas,35,D,CGY,49,3,7,10,4,28,2,1,0,0,7,0,0,36,8.3,988,20:09,2.6
221,Bobby Dollas,35,D,OTT,1,0,0,0,2,0,0,0,0,0,0,0,0,0,,16,16:10,0.2
222,Robert Dome,21,C,PIT,22,2,5,7,1,0,2,0,0,0,4,1,0,27,7.4,217,9:51,0.5
223,Hnat Domenichelli,23,C,TOT,59,11,18,29,-21,16,10,1,0,1,11,7,0,125,8.8,861,14:36,1.9
224,Hnat Domenichelli,23,C,CGY,32,5,9,14,0,12,4,1,0,1,7,2,0,57,8.8,405,12:39,1.2
225,Hnat Domenichelli,23,C,ATL,27,6,9,15,-21,4,6,0,0,0,4,5,0,68,8.8,457,16:55,0.7
226,Tie Domi,30,RW,TOR,70,5,9,14,-5,198,5,0,0,2,8,1,0,64,7.8,698,9:58,0.5
227,Ted Donato,30,LW,MDA,81,11,19,30,-3,26,9,2,0,3,15,3,1,138,8.0,1181,14:35,2.1
228,Shean Donovan,25,RW,TOT,51,5,7,12,-17,26,4,1,0,1,5,2,0,66,7.6,569,11:09,0.2
229,Shean Donovan,25,RW,ATL,33,4,7,11,-13,18,3,1,0,1,5,2,0,53,7.5,473,14:19,0.3
230,Shean Donovan,25,RW,COL,18,1,0,1,-4,8,1,0,0,0,0,0,0,13,7.7,96,5:20,-0.1
231,Jim Dowd,31,C,EDM,69,5,18,23,10,45,3,2,0,1,13,5,0,103,4.9,906,13:08,1.7
232,Aaron Downey,25,RW,BOS,1,0,0,0,0,0,0,0,0,0,0,0,0,0,,9,8:31,0.0
233,Dallas Drake,30,RW,PHX,79,15,30,45,11,62,13,0,2,5,26,1,3,127,11.8,1248,15:48,4.4
234,Kris Draper,28,C,DET,51,5,7,12,3,28,5,0,0,3,7,0,0,76,6.6,691,13:33,0.6
235,Harold Druken,21,C,VAN,33,7,9,16,14,10,5,2,0,0,9,0,0,69,10.1,429,13:01,2.2
236,Stan Drulia,32,RW,TBL,68,11,22,33,-18,24,8,1,2,1,17,5,0,94,11.7,1130,16:37,1.9
237,Chris Drury,23,C,COL,82,20,47,67,8,42,13,7,0,2,31,16,0,213,9.4,1521,18:33,6.8
238,Ted Drury,28,C,TOT,66,3,2,5,-9,37,2,1,0,0,2,0,0,57,5.3,487,7:23,-0.4
239,Ted Drury,28,C,NYI,55,2,1,3,-8,31,1,1,0,0,1,0,0,48,4.2,409,7:27,-0.5
240,Ted Drury,28,C,MDA,11,1,1,2,-1,6,1,0,0,0,1,0,0,9,11.1,78,7:06,0.1
241,Steve Dubinsky,29,C,CGY,23,0,1,1,-12,4,0,0,0,0,1,0,0,29,0.0,278,12:05,-0.8
242,Steve Duchesne,34,D,DET,79,10,31,41,12,42,9,1,0,1,17,14,0,154,6.5,1677,21:14,7.6
243,Dave Duerden,22,LW,FLA,2,0,0,0,0,0,0,0,0,0,0,0,0,1,0.0,3,1:35,0.0
244,J.P. Dumont,21,LW,CHI,47,10,8,18,-6,18,10,0,0,1,8,0,0,86,11.6,606,12:54,1.6
245,Radek Dvorak,22,RW,TOT,81,18,32,50,5,16,15,2,1,1,20,9,3,157,11.5,1386,17:07,4.8
246,Radek Dvorak,22,RW,NYR,46,11,22,33,0,10,8,2,1,0,12,8,2,90,12.2,847,18:24,3.1
247,Radek Dvorak,22,RW,FLA,35,7,10,17,5,6,7,0,0,1,8,1,1,67,10.4,540,15:25,1.7
248,Gordie Dwyer,22,LW,TBL,24,0,1,1,-6,135,0,0,0,0,1,0,0,7,0.0,119,4:57,-0.3
249,Karl Dykhuis,27,D,TOT,72,7,13,20,-5,46,3,3,1,0,9,4,0,69,10.1,1406,19:32,4.8
250,Karl Dykhuis,27,D,MTL,67,7,12,19,-3,40,3,3,1,0,8,4,0,64,10.9,1332,19:53,4.8
251,Karl Dykhuis,27,D,PHI,5,0,1,1,-2,6,0,0,0,0,1,0,0,5,0.0,74,14:54,0.1
252,Mike Eagles,36,LW,WSH,25,2,0,2,-7,15,2,0,0,1,0,0,0,13,15.4,190,7:37,-0.2
253,Dallas Eakins,32,D,NYI,2,0,1,1,3,2,0,0,0,0,1,0,0,4,0.0,43,21:28,0.4
254,Mike Eastwood,32,C,STL,79,19,15,34,5,32,15,1,3,3,13,0,2,83,22.9,1196,15:08,3.8
255,Mark Eaton,22,D,PHI,27,1,1,2,1,8,1,0,0,1,0,1,0,25,4.0,494,18:17,1.1
256,Nils Ekman,23,RW,TBL,28,2,2,4,-8,36,1,1,0,0,1,1,0,42,4.8,313,11:12,-0.2
257,Patrik Elias,23,LW,NJD,72,35,37,72,16,58,26,9,0,9,22,15,0,183,19.1,1257,17:28,9.4
258,Matt Elich,20,RW,TBL,8,1,1,2,-1,0,1,0,0,0,1,0,0,5,20.0,49,6:07,0.2
259,Dave Ellett,35,D,STL,52,2,8,10,-4,12,2,0,0,1,4,4,0,41,4.9,701,13:28,1.8
260,Miika Elomo,22,LW,WSH,2,0,1,1,1,2,0,0,0,0,1,0,0,3,0.0,22,11:12,0.1
261,Mikko Eloranta,27,LW,BOS,50,6,12,18,-10,36,5,1,0,0,12,0,0,59,10.2,615,12:18,1.1
262,Nelson Emerson,32,RW,TOT,63,15,20,35,-23,47,11,4,0,0,14,5,1,196,7.7,1185,18:49,2.5
263,Nelson Emerson,32,RW,ATL,58,14,19,33,-24,47,10,4,0,0,13,5,1,183,7.7,1112,19:10,2.3
264,Nelson Emerson,32,RW,LAK,5,1,1,2,1,0,1,0,0,0,1,0,0,13,7.7,73,14:39,0.2
265,John Emmons,25,C,OTT,10,0,0,0,-2,6,0,0,0,0,0,0,0,3,0.0,74,7:27,-0.2
266,Anders Eriksson,25,D,CHI,73,3,25,28,4,20,3,0,0,1,15,10,0,86,3.5,1537,21:03,4.5
267,Pat Falloon,27,RW,TOT,63,9,22,31,4,14,8,1,0,0,18,4,0,92,9.8,776,12:19,2.9
268,Pat Falloon,27,RW,EDM,33,5,13,18,6,4,4,1,0,0,11,2,0,51,9.8,440,13:19,1.9
269,Pat Falloon,27,RW,PIT,30,4,9,13,-2,10,4,0,0,0,7,2,0,41,9.8,337,11:13,1.0
270,Rico Fata,19,RW,CGY,2,0,0,0,-1,0,0,0,0,0,0,0,0,0,,20,10:06,-0.1
271,Sergei Fedorov,30,C,DET,68,27,35,62,8,22,19,4,4,7,19,15,1,263,10.3,1366,20:05,6.9
272,Andrew Ference,20,D,PIT,30,2,4,6,3,20,2,0,0,1,4,0,0,26,7.7,490,16:19,1.4
273,Brad Ference,20,D,FLA,13,0,2,2,2,46,0,0,0,0,2,0,0,10,0.0,178,13:40,0.5
274,Craig Ferguson,29,RW,FLA,3,0,0,0,-2,0,0,0,0,0,0,0,0,2,0.0,17,5:34,-0.1
275,Chris Ferraro,27,C,NYI,11,1,3,4,1,8,1,0,0,0,2,1,0,15,6.7,105,9:30,0.4
276,Peter Ferraro,27,RW,BOS,5,0,1,1,-1,0,0,0,0,0,1,0,0,3,0.0,41,8:11,0.0
277,Ray Ferraro,35,C,ATL,81,19,25,44,-33,88,9,10,0,3,17,8,0,170,11.2,1309,16:10,3.3
278,Jeff Finley,32,D,STL,74,2,8,10,26,38,2,0,0,2,5,2,1,31,6.5,1318,17:49,4.9
279,Jiri Fischer,19,D,DET,52,0,8,8,1,45,0,0,0,0,8,0,0,41,0.0,564,10:51,1.4
280,Mike Fisher,19,C,OTT,32,4,5,9,-6,15,4,0,0,1,5,0,0,49,8.2,414,12:57,0.5
281,Tom Fitzgerald,31,RW,NSH,82,13,9,22,-18,66,10,0,3,1,8,0,1,119,10.9,1144,13:57,1.2
282,Theoren Fleury,31,RW,NYR,80,15,49,64,-4,68,14,1,0,1,29,20,0,246,6.1,1575,19:41,5.3
283,Adam Foote,28,D,COL,59,5,13,18,5,98,4,1,0,2,10,3,0,63,7.9,1526,25:51,4.4
284,Colin Forbes,23,LW,TOT,53,2,5,7,-5,30,2,0,0,0,5,0,0,57,3.5,457,8:37,0.0
285,Colin Forbes,23,LW,OTT,45,2,5,7,-1,12,2,0,0,0,5,0,0,54,3.7,386,8:34,0.3
286,Colin Forbes,23,LW,TBL,8,0,0,0,-4,18,0,0,0,0,0,0,0,3,0.0,71,8:53,-0.3
287,Peter Forsberg,26,C,COL,49,14,37,51,9,52,11,3,0,2,25,12,0,105,13.3,1025,20:55,5.4
288,Ron Francis,36,C,CAR,78,23,50,73,10,18,16,7,0,4,28,22,0,150,15.3,1714,21:58,7.9
289,Kyle Freadrich,21,RW,TBL,10,0,0,0,-1,39,0,0,0,0,0,0,0,0,,23,2:19,-0.1
290,Jeff Friesen,23,LW,SJS,82,26,35,61,-2,47,12,11,3,7,19,13,3,191,13.6,1623,19:48,6.2
291,Simon Gagne,19,C,PHI,80,20,28,48,11,22,11,8,1,4,15,13,0,159,12.6,1198,14:59,5.9
292,Maxim Galanov,25,D,ATL,40,4,3,7,-12,20,4,0,0,0,1,2,0,47,8.5,861,21:32,1.3
293,Garry Galley,36,D,LAK,70,9,21,30,9,52,7,2,0,1,10,11,0,96,9.4,1417,20:15,5.6
294,Bruce Gardiner,27,RW,TOT,51,3,9,12,-20,41,3,0,0,0,9,0,0,48,6.3,691,13:34,-0.4
295,Bruce Gardiner,27,RW,TBL,41,3,6,9,-21,37,3,0,0,0,6,0,0,30,10.0,557,13:36,-0.5
296,Bruce Gardiner,27,RW,OTT,10,0,3,3,1,4,0,0,0,0,3,0,0,18,0.0,134,13:24,0.1
297,Johan Garpenlov,31,LW,ATL,73,2,14,16,-30,31,2,0,0,0,11,3,0,79,2.5,1118,15:19,-1.0
298,Denis Gauthier,23,D,CGY,39,1,1,2,-4,50,1,0,0,0,0,0,1,29,3.4,754,19:21,0.7
299,Aaron Gavey,25,C,DAL,41,7,6,13,0,44,6,1,0,2,6,0,0,39,17.9,406,9:55,1.5
300,Martin Gelinas,29,LW,CAR,81,14,16,30,-10,40,11,3,0,0,14,2,0,139,10.1,1106,13:39,2.6
301,Brent Gilchrist,32,LW,DET,24,4,2,6,1,24,4,0,0,0,2,0,0,33,12.1,272,11:19,0.6
302,Hal Gill,24,D,BOS,81,3,9,12,0,51,3,0,0,0,9,0,0,120,2.5,1398,17:15,3.3
303,Todd Gill,34,D,TOT,54,3,6,9,-8,45,3,0,0,2,6,0,0,61,4.9,862,15:58,1.3
304,Todd Gill,34,D,PHX,41,1,6,7,-10,30,1,0,0,1,6,0,0,41,2.4,661,16:07,0.6
305,Todd Gill,34,D,DET,13,2,0,2,2,15,2,0,0,1,0,0,0,20,10.0,202,15:31,0.7
306,Doug Gilmour,36,C,TOT,74,25,48,73,-9,63,15,10,0,3,35,13,0,113,22.1,1468,19:50,7.2
307,Doug Gilmour,36,C,CHI,63,22,34,56,-12,51,14,8,0,3,22,12,0,100,22.0,1259,19:59,5.4
308,Doug Gilmour,36,C,BUF,11,3,14,17,3,12,1,2,0,0,13,1,0,13,23.1,209,18:58,1.9
309,Jonathan Girard,19,D,BOS,23,1,2,3,-1,2,1,0,0,0,2,0,0,17,5.9,219,9:32,0.6
310,Ray Giroux,23,D,NYI,14,0,9,9,0,10,0,0,0,0,2,7,0,24,0.0,205,14:40,1.1
311,Erich Goldmann,23,D,OTT,1,0,0,0,0,0,0,0,0,0,0,0,0,0,,10,9:44,0.0
312,Yan Golubovsky,23,D,DET,21,1,2,3,3,8,1,0,0,0,2,0,0,7,14.3,187,8:54,0.8
313,Scott Gomez,20,C,NJD,82,19,51,70,14,78,12,7,0,1,31,20,0,204,9.3,1341,16:21,7.3
314,Sergei Gonchar,25,D,WSH,73,18,36,54,26,52,13,5,0,3,22,14,0,181,9.9,1589,21:46,11.1
315,Daniel Goneau,24,LW,NYR,1,0,0,0,-1,0,0,0,0,0,0,0,0,3,0.0,14,14:26,-0.1
316,David Gosselin,22,RW,NSH,10,2,1,3,-4,6,2,0,0,0,1,0,0,14,14.3,93,9:16,0.2
317,Tony Granato,35,RW,SJS,48,6,7,13,2,39,5,1,0,0,7,0,0,67,9.0,436,9:05,1.3
318,Jean-Luc Grand-Pierre,22,D,BUF,11,0,0,0,-1,15,0,0,0,0,0,0,0,11,0.0,167,15:11,0.1
319,Benoit Gratton,23,LW,CGY,10,0,2,2,1,10,0,0,0,0,2,0,0,4,0.0,83,8:15,0.1
320,Chris Gratton,24,C,TOT,72,15,34,49,-23,136,11,4,0,1,26,8,0,202,7.4,1396,19:23,3.3
321,Chris Gratton,24,C,TBL,58,14,27,41,-24,121,10,4,0,1,21,6,0,168,8.3,1163,20:03,2.7
322,Chris Gratton,24,C,BUF,14,1,7,8,1,15,1,0,0,0,5,2,0,34,2.9,233,16:40,0.6
323,Adam Graves,31,LW,NYR,77,23,17,40,-15,14,12,11,0,4,10,7,0,194,11.9,1445,18:46,3.5
324,Josh Green,22,LW,NYI,49,12,14,26,-7,41,10,2,0,3,9,5,0,109,11.0,666,13:36,2.6
325,Travis Green,29,C,PHX,78,25,21,46,-4,45,19,6,0,2,17,4,0,157,15.9,1294,16:36,4.8
326,Mark Greig,30,RW,PHI,11,3,2,5,0,6,3,0,0,1,1,1,0,14,21.4,125,11:19,0.7
327,Mike Grier,25,RW,EDM,65,9,22,31,9,68,6,0,3,2,20,1,1,115,7.8,1024,15:45,2.7
328,Stu Grimson,34,LW,MDA,50,1,2,3,0,116,1,0,0,0,2,0,0,14,7.1,260,5:13,0.0
329,Michal Grosek,24,LW,TOT,75,13,27,40,11,47,10,3,0,2,26,1,0,114,11.4,1177,15:41,4.0
330,Michal Grosek,24,LW,BUF,61,11,23,34,12,35,9,2,0,2,22,1,0,96,11.5,993,16:17,3.5
331,Michal Grosek,24,LW,CHI,14,2,4,6,-1,12,1,1,0,0,4,0,0,18,11.1,183,13:06,0.5
332,John Gruden,29,D,OTT,9,0,0,0,0,4,0,0,0,0,0,0,0,3,0.0,148,16:29,0.2
333,Bill Guerin,29,RW,EDM,70,24,22,46,4,123,13,11,0,2,16,6,0,188,12.8,1262,18:01,5.3
334,Steve Guolla,26,C,TOT,66,10,19,29,-11,15,6,4,0,0,15,3,1,86,11.6,882,13:22,2.2
335,Steve Guolla,26,C,TBL,46,6,10,16,2,11,4,2,0,0,9,1,0,52,11.5,526,11:26,1.4
336,Steve Guolla,26,C,ATL,20,4,9,13,-13,4,2,2,0,0,6,2,1,34,11.8,356,17:47,0.7
337,Miloslav Guren,23,D,MTL,24,1,2,3,-5,12,0,1,0,0,1,1,0,20,5.0,366,15:14,0.7
338,Alexei Gusarov,35,D,COL,34,2,2,4,-8,10,2,0,0,0,2,0,0,16,12.5,662,19:27,0.7
339,Sergey Gusev,24,D,TBL,28,2,3,5,-9,6,1,1,0,0,3,0,0,23,8.7,492,17:34,0.5
340,Sean Haggerty,23,LW,NYI,5,1,1,2,3,4,1,0,0,0,1,0,0,2,50.0,48,9:38,0.4
341,Steven Halko,25,D,CAR,58,0,8,8,0,25,0,0,0,0,8,0,0,54,0.0,969,16:43,2.3
342,Kevin Haller,29,D,MDA,67,3,5,8,-8,61,3,0,0,2,5,0,0,50,6.0,1217,18:10,1.9
343,Jeff Halpern,23,C,WSH,79,18,11,29,21,39,10,4,4,1,10,1,0,108,16.7,1046,13:14,3.9
344,Denis Hamel,22,LW,BUF,3,1,0,1,-1,0,1,0,0,0,0,0,0,3,33.3,29,9:45,0.1
345,Roman Hamrlik,25,D,EDM,80,8,37,45,1,68,3,5,0,0,16,21,0,180,4.4,2023,25:18,7.7
346,Michal Handzus,22,C,STL,81,25,28,53,19,44,18,3,4,5,22,4,2,166,15.1,1436,17:43,6.5
347,Scott Hannan,21,D,SJS,30,1,2,3,7,10,1,0,0,0,2,0,0,28,3.6,514,17:09,1.5
348,Tavis Hansen,24,C,PHX,5,0,0,0,0,0,0,0,0,0,0,0,0,2,0.0,21,4:17,0.0
349,David Harlock,28,D,ATL,44,0,6,6,-8,36,0,0,0,0,6,0,0,29,0.0,866,19:41,1.1
350,Todd Harvey,24,RW,TOT,71,11,7,18,-11,140,9,2,0,0,7,0,0,90,12.2,900,12:40,1.1
351,Todd Harvey,24,RW,SJS,40,8,4,12,-2,78,6,2,0,0,4,0,0,59,13.6,517,12:55,1.1
352,Todd Harvey,24,RW,NYR,31,3,3,6,-9,62,3,0,0,0,3,0,0,31,9.7,383,12:21,-0.1
353,Derian Hatcher,27,D,DAL,57,2,22,24,6,68,2,0,0,0,14,6,2,90,2.2,1570,27:33,5.7
354,Kevin Hatcher,33,D,NYR,74,4,19,23,-10,38,2,2,0,0,10,9,0,112,3.6,1568,21:11,3.9
355,Brett Hauer,28,D,EDM,5,0,2,2,-2,2,0,0,0,0,2,0,0,8,0.0,74,14:48,0.1
356,Niclas Havelid,26,D,MDA,50,2,7,9,0,20,2,0,0,2,6,1,0,70,2.9,958,19:10,2.2
357,Greg Hawgood,31,D,VAN,79,5,17,22,5,26,3,2,0,0,12,5,0,70,7.1,1358,17:11,4.2
358,Dwayne Hay,22,RW,TOT,19,1,1,2,-2,4,1,0,0,0,1,0,0,14,7.1,118,6:14,0.0
359,Dwayne Hay,22,RW,TBL,13,1,1,2,0,2,1,0,0,0,1,0,0,11,9.1,79,6:04,0.2
360,Dwayne Hay,22,RW,FLA,6,0,0,0,-2,2,0,0,0,0,0,0,0,3,0.0,40,6:36,-0.1
361,Jochen Hecht,22,RW,STL,63,13,21,34,20,28,8,5,0,1,15,6,0,140,9.3,971,15:25,4.1
362,Bret Hedican,29,D,FLA,76,6,19,25,4,68,4,2,0,1,17,2,0,58,10.3,1489,19:36,4.9
363,Shawn Heins,26,D,SJS,1,0,0,0,-1,2,0,0,0,0,0,0,0,1,0.0,11,10:57,-0.1
364,Steve Heinze,30,RW,BOS,75,12,13,25,-8,36,10,2,0,2,9,4,0,145,8.3,1121,14:57,1.8
365,Milan Hejduk,23,RW,COL,82,36,36,72,14,16,23,13,0,9,21,14,1,228,15.8,1638,19:58,9.0
366,Sami Helenius,26,D,COL,33,0,0,0,-5,46,0,0,0,0,0,0,0,6,0.0,233,7:04,-0.1
367,Bryan Helmer,27,D,STL,15,1,1,2,-3,10,0,1,0,1,1,0,0,19,5.3,244,16:15,0.4
368,Jay Henderson,21,LW,BOS,16,1,3,4,1,9,1,0,0,0,3,0,0,18,5.6,86,5:22,0.4
369,Darby Hendrickson,27,C,VAN,40,5,4,9,-3,14,4,0,1,1,4,0,0,39,12.8,461,11:32,0.5
370,Ian Herbers,32,D,TOT,43,0,3,3,-6,47,0,0,0,0,3,0,0,14,0.0,651,15:09,0.4
371,Ian Herbers,32,D,TBL,37,0,0,0,-12,45,0,0,0,0,0,0,0,11,0.0,559,15:06,-0.4
372,Ian Herbers,32,D,NYI,6,0,3,3,6,2,0,0,0,0,3,0,0,3,0.0,93,15:29,0.9
373,Chris Herperger,25,C,CHI,9,0,0,0,-2,5,0,0,0,0,0,0,0,2,0.0,69,7:39,-0.2
374,Jamie Heward,28,D,NYI,54,6,11,17,-9,26,4,2,0,1,6,5,0,92,6.5,1078,19:58,2.7
375,Alex Hicks,30,LW,FLA,8,1,2,3,3,4,1,0,0,0,2,0,0,6,16.7,69,8:39,0.4
376,Matt Higgins,22,C,MTL,25,0,2,2,-6,4,0,0,0,0,2,0,0,9,0.0,199,7:57,-0.3
377,Sean Hill,29,D,CAR,62,13,31,44,3,59,5,8,0,2,11,18,2,150,8.7,1520,24:31,8.4
378,Dan Hinote,23,RW,COL,27,1,3,4,0,10,1,0,0,0,2,1,0,14,7.1,212,7:51,0.2
379,Jan Hlavac,23,LW,NYR,67,19,23,42,3,16,13,6,0,2,19,4,0,134,14.2,1015,15:09,4.7
380,Jonas Hoglund,27,LW,TOR,82,29,27,56,-2,10,19,9,1,3,18,9,0,215,13.5,1407,17:10,6.2
381,Benoit Hogue,33,LW,PHX,27,3,10,13,-1,10,3,0,0,0,9,1,0,39,7.7,425,15:45,0.8
382,Josh Holden,22,C,VAN,6,1,5,6,2,2,1,0,0,0,5,0,0,5,20.0,63,10:25,0.7
383,Bobby Holik,29,C,NJD,79,23,23,46,7,106,16,7,0,4,17,6,0,257,8.9,1333,16:53,5.0
384,Jason Holland,23,D,BUF,9,0,1,1,0,0,0,0,0,0,0,1,0,8,0.0,140,15:31,0.2
385,Tomas Holmstrom,27,LW,DET,72,13,22,35,4,43,9,4,0,1,16,6,0,71,18.3,871,12:06,3.5
386,Brian Holzinger,27,C,TOT,73,10,20,30,-3,51,7,1,2,2,18,2,0,104,9.6,1090,14:56,2.2
387,Brian Holzinger,27,C,BUF,59,7,17,24,4,30,6,0,1,2,15,2,0,81,8.6,863,14:38,1.9
388,Brian Holzinger,27,C,TBL,14,3,3,6,-7,21,1,1,1,0,3,0,0,23,13.0,226,16:10,0.3
389,Marian Hossa,21,LW,OTT,78,29,27,56,5,32,24,5,0,4,16,11,0,240,12.1,1341,17:12,7.0
390,Doug Houda,33,D,BUF,1,0,0,0,0,12,0,0,0,0,0,0,0,0,,9,9:10,0.0
391,Bill Houlder,32,D,TOT,71,3,14,17,-9,26,1,2,0,1,12,1,1,89,3.4,1589,22:23,3.3
392,Bill Houlder,32,D,NSH,57,2,12,14,-6,24,1,1,0,1,11,0,1,68,2.9,1289,22:36,2.8
393,Bill Houlder,32,D,TBL,14,1,2,3,-3,2,0,1,0,0,1,1,0,21,4.8,301,21:29,0.4
394,Phil Housley,35,D,CGY,78,11,44,55,-12,24,6,5,0,2,14,30,0,176,6.3,1832,23:29,7.6
395,Jan Hrdina,23,C,PIT,70,13,33,46,13,43,10,3,0,1,26,6,1,84,15.5,1315,18:47,4.0
396,Tony Hrkac,33,C,TOT,67,4,9,13,-3,8,3,1,0,0,8,1,0,39,10.3,624,9:19,0.6
397,Tony Hrkac,33,C,MDA,60,4,7,11,-2,8,3,1,0,0,7,0,0,37,10.8,544,9:04,0.5
398,Tony Hrkac,33,C,NYI,7,0,2,2,-1,0,0,0,0,0,1,1,0,2,0.0,80,11:22,0.0
399,Bill Huard,32,LW,LAK,1,0,0,0,0,2,0,0,0,0,0,0,0,0,,2,2:14,0.0
400,Joe Hulbig,26,LW,BOS,24,2,2,4,-8,8,2,0,0,0,2,0,0,15,13.3,199,8:18,0.0
401,Brett Hull,35,RW,DAL,79,24,35,59,-21,43,13,11,0,3,19,16,0,223,10.8,1470,18:37,5.6
402,Jody Hull,30,RW,PHI,67,10,3,13,8,4,8,0,2,2,3,0,0,63,15.9,802,11:58,1.6
403,Cale Hulse,26,D,CGY,47,1,6,7,-11,47,1,0,0,0,6,0,0,41,2.4,594,12:38,0.5
404,Mike Hurlbut,33,D,BUF,1,0,0,0,1,2,0,0,0,0,0,0,0,1,0.0,12,12:25,0.1
405,Jamie Huscroft,33,D,WSH,7,0,0,0,-5,11,0,0,0,0,0,0,0,4,0.0,74,10:37,-0.3
406,Jarome Iginla,22,RW,CGY,77,29,34,63,0,26,17,12,0,4,23,11,0,256,11.3,1417,18:24,7.0
407,Brad Isbister,22,LW,NYI,64,22,20,42,-18,100,13,9,0,1,12,8,0,135,16.3,1086,16:58,4.2
408,Ric Jackman,21,D,DAL,22,1,2,3,-1,6,0,1,0,0,2,0,0,16,6.3,178,8:06,0.6
409,Jaromir Jagr,27,RW,PIT,63,42,54,96,25,50,32,10,0,5,35,19,0,290,14.5,1462,23:12,12.2
410,John Jakopin,24,D,FLA,17,0,0,0,-2,26,0,0,0,0,0,0,0,1,0.0,203,11:58,0.0
411,Mark Janssens,31,C,CHI,36,0,6,6,-2,73,0,0,0,0,6,0,0,14,0.0,259,7:12,0.1
412,Andreas Johansson,26,LW,TOT,40,5,10,15,-2,22,4,1,0,0,8,2,0,58,8.6,509,12:44,1.1
413,Andreas Johansson,26,LW,CGY,28,3,7,10,-3,14,2,1,0,0,6,1,0,47,6.4,379,13:33,0.6
414,Andreas Johansson,26,LW,TBL,12,2,3,5,1,8,2,0,0,0,2,1,0,11,18.2,130,10:50,0.5
415,Calle Johansson,32,D,WSH,82,7,25,32,13,24,6,1,0,3,16,7,2,138,5.1,1961,23:55,7.0
416,Craig Johnson,27,LW,LAK,76,9,14,23,-10,28,8,1,0,1,13,1,0,106,8.5,1059,13:56,0.9
417,Greg Johnson,28,C,NSH,82,11,33,44,-15,40,9,2,0,1,30,3,0,133,8.3,1576,19:13,2.8
418,Matt Johnson,24,LW,ATL,64,2,5,7,-11,144,2,0,0,0,5,0,0,54,3.7,539,8:25,-0.3
419,Mike Johnson,25,RW,TOT,80,21,26,47,6,27,14,6,1,3,21,5,0,132,15.9,1375,17:11,4.8
420,Mike Johnson,25,RW,TOR,52,11,14,25,8,23,8,2,1,3,14,0,0,89,12.4,799,15:22,2.6
421,Mike Johnson,25,RW,TBL,28,10,12,22,-2,4,6,4,0,0,7,5,0,43,23.3,576,20:33,2.2
422,Ryan Johnson,23,C,TOT,80,4,14,18,-8,16,4,0,0,0,13,1,0,49,8.2,932,11:39,0.3
423,Ryan Johnson,23,C,FLA,66,4,12,16,1,14,4,0,0,0,11,1,0,44,9.1,778,11:47,0.7
424,Ryan Johnson,23,C,TBL,14,0,2,2,-9,2,0,0,0,0,2,0,0,5,0.0,155,11:02,-0.4
425,Kim Johnsson,23,D,NYR,76,6,15,21,-13,46,5,1,0,1,10,5,0,101,5.9,1376,18:06,3.4
426,Olli Jokinen,21,C,NYI,82,11,10,21,0,80,8,1,2,3,9,1,0,138,8.0,1332,16:15,1.1
427,Keith Jones,31,RW,PHI,57,9,16,25,8,82,8,1,0,0,15,1,0,92,9.8,778,13:38,2.8
428,Hans Jonsson,26,D,PIT,68,3,11,14,-5,12,2,0,1,1,7,3,1,49,6.1,1263,18:34,2.3
429,Jorgen Jonsson,27,LW,TOT,81,12,19,31,-8,16,9,1,2,1,17,1,1,116,10.3,1263,15:35,2.0
430,Jorgen Jonsson,27,LW,NYI,68,11,17,28,-6,16,8,1,2,0,15,1,1,95,11.6,1096,16:07,2.0
431,Jorgen Jonsson,27,LW,MDA,13,1,2,3,-2,0,1,0,0,1,2,0,0,21,4.8,167,12:51,0.1
432,Kenny Jonsson,25,D,NYI,65,1,24,25,-15,32,0,1,0,0,13,11,0,84,1.2,1592,24:29,3.1
433,Chris Joseph,30,D,TOT,47,2,9,11,-9,6,1,1,0,0,7,2,0,86,2.3,775,16:29,1.2
434,Chris Joseph,30,D,VAN,38,2,9,11,-4,6,1,1,0,0,7,2,0,73,2.7,655,17:14,1.5
435,Chris Joseph,30,D,PHX,9,0,0,0,-5,0,0,0,0,0,0,0,0,13,0.0,120,13:20,-0.3
436,Ed Jovanovski,23,D,VAN,75,5,21,26,-3,54,4,1,0,1,16,1,4,109,4.6,1803,24:03,4.3
437,Joe Juneau,32,C,OTT,65,13,24,37,3,22,11,2,0,2,18,6,0,126,10.3,1200,18:28,3.4
438,Frantisek Kaberle,26,D,TOT,51,1,15,16,-10,10,0,0,1,0,5,10,0,76,1.3,977,19:09,1.8
439,Frantisek Kaberle,26,D,LAK,37,0,9,9,3,4,0,0,0,0,3,6,0,41,0.0,631,17:04,1.6
440,Frantisek Kaberle,26,D,ATL,14,1,6,7,-13,6,0,0,1,0,2,4,0,35,2.9,345,24:39,0.3
441,Tomas Kaberle,21,D,TOR,82,7,33,40,3,24,5,2,0,0,19,13,1,82,8.5,1879,22:55,6.4
442,Dmitri Kalinin,19,D,BUF,4,0,0,0,0,4,0,0,0,0,0,0,0,3,0.0,68,16:53,0.1
443,Valeri Kamensky,33,LW,NYR,58,13,19,32,-13,24,10,3,0,1,15,4,0,88,14.8,868,14:57,2.7
444,Sami Kapanen,26,RW,CAR,76,24,24,48,10,12,17,7,0,5,15,9,0,229,10.5,1512,19:53,5.7
445,Jere Karalahti,24,D,LAK,48,6,10,16,3,18,2,4,0,1,7,2,1,69,8.7,820,17:05,3.0
446,Paul Kariya,25,LW,MDA,74,42,44,86,22,24,28,11,3,3,24,20,0,324,13.0,1803,24:22,11.0
447,Steve Kariya,22,LW,VAN,45,8,11,19,9,22,8,0,0,0,9,2,0,41,19.5,569,12:38,2.1
448,Andreas Karlsson,24,C,ATL,51,5,9,14,-17,14,4,1,0,0,7,1,1,74,6.8,663,13:00,0.3
449,Dave Karpa,28,D,CAR,27,1,4,5,9,52,1,0,0,0,4,0,0,24,4.2,469,17:21,2.0
450,Alexander Karpovtsev,29,D,TOR,69,3,14,17,9,54,0,3,0,0,5,9,0,51,5.9,1396,20:14,3.7
451,Darius Kasparaitis,27,D,PIT,73,3,12,15,-12,146,2,1,0,1,10,1,1,76,3.9,1322,18:07,1.9
452,Mike Keane,32,RW,DAL,81,13,21,34,9,41,9,0,4,3,21,0,0,85,15.3,1310,16:10,3.4
453,Dan Keczmer,31,D,NSH,24,0,5,5,-2,28,0,0,0,0,5,0,0,21,0.0,430,17:56,0.9
454,Steve Kelly,23,C,NJD,1,0,0,0,0,0,0,0,0,0,0,0,0,0,,4,4:28,0.0
455,Chris Kenady,26,RW,NYR,2,0,0,0,-1,0,0,0,0,0,0,0,0,1,0.0,15,7:27,-0.1
456,Dan Kesa,28,C,TBL,50,4,10,14,-11,21,3,0,1,1,8,0,2,55,7.3,678,13:34,0.3
457,Dmitri Khristich,30,LW,TOR,53,12,18,30,8,24,9,3,0,0,13,5,0,79,15.2,857,16:10,3.1
458,Chad Kilger,23,C,EDM,40,3,2,5,-6,18,3,0,0,0,2,0,0,32,9.4,342,8:33,0.0
459,Derek King,32,LW,TOT,22,2,7,9,-2,8,1,1,0,0,5,2,0,33,6.1,276,12:34,0.6
460,Derek King,32,LW,STL,19,2,7,9,0,6,1,1,0,0,5,2,0,29,6.9,242,12:44,0.7
461,Derek King,32,LW,TOR,3,0,0,0,-2,2,0,0,0,0,0,0,0,4,0.0,34,11:29,-0.1
462,Kris King,33,LW,TOR,39,2,4,6,4,55,2,0,0,0,4,0,0,24,8.3,332,8:31,0.4
463,Geordie Kinnear,26,D,ATL,4,0,0,0,-1,13,0,0,0,0,0,0,0,2,0.0,74,18:27,0.0
464,Patric Kjellberg,30,LW,NSH,82,23,23,46,-11,14,14,9,0,3,21,2,0,129,17.8,1492,18:12,4.5
465,Trent Klatt,29,RW,VAN,47,10,10,20,-8,26,2,8,0,0,8,2,0,100,10.0,755,16:04,1.5
466,Ken Klee,28,D,WSH,80,7,13,20,8,79,7,0,0,2,10,2,1,113,6.2,1638,20:29,5.1
467,Jon Klemm,30,D,COL,73,5,7,12,26,34,5,0,0,0,7,0,0,64,7.8,1267,17:22,5.2
468,Mike Knuble,27,RW,TOT,73,12,8,20,-7,26,10,2,0,2,7,1,0,78,15.4,901,12:20,1.6
469,Mike Knuble,27,RW,NYR,59,9,5,14,-5,18,8,1,0,1,5,0,0,50,18.0,628,10:39,1.1
470,Mike Knuble,27,RW,BOS,14,3,3,6,-2,8,2,1,0,1,2,1,0,28,10.7,273,19:29,0.4
471,Ladislav Kohn,24,RW,MDA,77,5,16,21,-17,27,4,1,0,1,15,1,0,123,4.1,932,12:06,0.4
472,Saku Koivu,25,C,MTL,24,3,18,21,7,14,2,1,0,0,11,6,1,53,5.7,461,19:13,2.2
473,Zenith Komarniski,21,D,VAN,18,1,1,2,-1,8,1,0,0,0,1,0,0,21,4.8,291,16:11,0.5
474,Steve Konowalchuk,27,LW,WSH,82,16,27,43,19,80,13,3,0,1,24,3,0,146,11.0,1444,17:36,4.4
475,Evgeny Korolev,21,D,NYI,17,1,2,3,-10,8,1,0,0,0,1,1,0,7,14.3,275,16:12,-0.1
476,Igor Korolev,29,RW,TOR,80,20,26,46,12,22,12,5,3,4,18,6,2,101,19.8,1435,17:56,4.7
477,Alexander Korolyuk,24,LW,SJS,57,14,21,35,4,35,11,3,0,1,15,6,0,124,11.3,776,13:36,3.9
478,Andrei Kovalenko,29,RW,CAR,76,15,24,39,-13,38,13,2,0,3,18,6,0,114,13.2,1138,14:59,3.4
479,Alex Kovalev,26,RW,PIT,82,26,40,66,-3,94,15,9,2,4,20,17,3,254,10.2,1876,22:53,5.7
480,Viktor Kozlov,24,C,FLA,80,17,53,70,24,16,11,6,0,2,38,15,0,223,7.6,1556,19:27,7.2
481,Vyacheslav Kozlov,27,LW,DET,72,18,18,36,11,28,14,4,0,3,14,4,0,165,10.9,1116,15:30,3.9
482,Igor Kravchuk,33,D,OTT,64,6,12,18,-5,20,1,5,0,1,4,7,1,126,4.8,1324,20:41,3.6
483,Sergei Krivokrasov,25,RW,TOT,75,10,27,37,-5,44,7,3,0,2,15,12,0,159,6.3,988,13:11,3.2
484,Sergei Krivokrasov,25,RW,NSH,63,9,17,26,-7,40,6,3,0,2,8,9,0,132,6.8,828,13:08,2.1
485,Sergei Krivokrasov,25,RW,CGY,12,1,10,11,2,4,1,0,0,0,7,3,0,27,3.7,160,13:22,1.0
486,Jason Krog,24,C,NYI,17,2,4,6,-1,6,1,1,0,0,2,2,0,22,9.1,171,10:03,0.5
487,Robert Kron,32,LW,CAR,81,13,27,40,-4,8,10,2,1,3,23,4,0,134,9.7,1233,15:14,3.6
488,Paul Kruse,29,LW,BUF,11,0,0,0,-2,43,0,0,0,0,0,0,0,7,0.0,69,6:15,-0.2
489,Filip Kuba,23,D,FLA,13,1,5,6,-3,2,0,1,0,1,2,3,0,16,6.3,180,13:52,0.7
490,Pavel Kubina,22,D,TBL,69,8,18,26,-19,93,2,6,0,3,9,9,0,128,6.3,1555,22:32,3.4
491,Oleg Kvasha,21,RW,FLA,78,5,20,25,3,34,3,2,0,0,18,2,0,110,4.5,890,11:24,1.6
492,Antti Laaksonen,26,LW,BOS,27,6,3,9,3,2,6,0,0,1,3,0,0,23,26.1,212,7:50,1.4
493,Scott Lachance,27,D,MTL,57,0,6,6,-4,22,0,0,0,0,6,0,0,41,0.0,1013,17:47,2.0
494,Dan LaCouture,22,LW,EDM,5,0,0,0,0,10,0,0,0,0,0,0,0,2,0.0,35,7:02,-0.1
495,Daniel Lacroix,30,C,NYI,1,0,0,0,-1,0,0,0,0,0,0,0,0,0,,11,10:40,-0.1
496,Eric Lacroix,28,LW,NYR,70,4,8,12,-12,24,4,0,0,1,8,0,0,46,8.7,702,10:02,0.0
497,Christian Laflamme,23,D,TOT,65,0,7,7,-9,40,0,0,0,0,7,0,0,24,0.0,902,13:52,1.1
498,Christian Laflamme,23,D,EDM,50,0,5,5,-4,32,0,0,0,0,5,0,0,18,0.0,683,13:40,0.9
499,Christian Laflamme,23,D,MTL,15,0,2,2,-5,8,0,0,0,0,2,0,0,6,0.0,218,14:32,0.2
500,Denny Lambert,30,LW,ATL,73,5,6,11,-17,219,3,2,0,0,5,1,0,83,6.0,850,11:39,-0.3
501,Robert Lang,29,C,PIT,78,23,42,65,-9,14,10,13,0,5,29,13,0,142,16.2,1510,19:22,5.7
502,Darren Langdon,29,LW,NYR,21,0,1,1,-2,26,0,0,0,0,1,0,0,13,0.0,118,5:36,-0.2
503,Jamie Langenbrunner,24,RW,DAL,65,18,21,39,16,68,12,4,2,6,16,5,0,153,11.8,1141,17:33,4.9
504,Daymond Langkow,23,C,PHI,82,18,32,50,1,56,13,5,0,7,18,13,1,222,8.1,1390,16:57,5.2
505,Jeff Lank,24,D,PHI,2,0,0,0,0,2,0,0,0,0,0,0,0,0,,26,13:06,0.0
506,Ian Laperriere,26,C,LAK,79,9,13,22,-14,185,9,0,0,1,12,0,1,87,10.3,1047,13:15,0.7
507,Darryl Laplante,22,C,DET,30,0,6,6,-2,10,0,0,0,0,6,0,0,19,0.0,287,9:35,0.0
508,Claude Lapointe,31,C,NYI,76,15,16,31,-22,60,12,2,1,3,11,5,0,129,11.6,1493,19:39,1.4
509,Martin Lapointe,26,RW,DET,82,16,25,41,17,121,14,1,1,2,17,8,0,127,12.6,1207,14:43,4.3
510,Georges Laraque,23,RW,EDM,76,8,8,16,5,123,8,0,0,0,8,0,0,56,14.3,644,8:28,1.6
511,Igor Larionov,39,C,DET,79,9,38,47,13,28,6,3,0,4,26,12,0,69,13.0,1270,16:05,3.9
512,Janne Laukkanen,29,D,TOT,71,2,18,20,17,67,1,1,0,0,14,3,1,81,2.5,1373,19:20,5.0
513,Janne Laukkanen,29,D,OTT,60,1,11,12,14,55,1,0,0,0,10,0,1,62,1.6,1187,19:47,3.7
514,Janne Laukkanen,29,D,PIT,11,1,7,8,3,12,0,1,0,0,4,3,0,19,5.3,186,16:55,1.3
515,Paul Laus,29,D,FLA,77,3,8,11,-1,172,3,0,0,0,7,1,0,44,6.8,586,7:37,1.9
516,Mark Lawrence,28,RW,NYI,29,1,5,6,-13,26,1,0,0,0,1,4,0,33,3.0,405,13:57,-0.5
517,Stephen Leach,34,RW,PIT,56,2,3,5,-11,24,2,0,0,1,3,0,0,41,4.9,372,6:39,-0.4
518,Vincent Lecavalier,19,C,TBL,80,25,42,67,-25,43,19,6,0,3,20,22,0,166,15.1,1544,19:18,5.9
519,John LeClair,30,LW,PHI,82,40,37,77,8,36,27,13,0,7,26,11,0,249,16.1,1664,20:18,10.2
520,Mike Leclerc,23,LW,MDA,69,8,11,19,-15,70,8,0,0,2,10,1,0,105,7.6,837,12:08,0.8
521,Grant Ledyard,38,D,OTT,40,2,4,6,-3,8,2,0,0,1,4,0,0,42,4.8,590,14:45,1.2
522,Brad Leeb,20,RW,VAN,2,0,0,0,-2,2,0,0,0,0,0,0,0,3,0.0,24,12:07,-0.1
523,Brian Leetch,31,D,NYR,50,7,19,26,-16,20,4,3,0,2,11,8,0,124,5.6,1347,26:57,3.8
524,Sylvain Lefebvre,32,D,NYR,82,2,10,12,-13,43,2,0,0,0,8,1,1,67,3.0,1525,18:36,2.3
525,David Legwand,19,C,NSH,71,13,15,28,-6,30,9,4,0,2,12,3,0,111,11.7,1045,14:43,2.5
526,Jere Lehtinen,26,LW,DAL,17,3,5,8,1,0,3,0,0,1,5,0,0,29,10.3,298,17:31,0.8
527,Claude Lemieux,34,RW,TOT,83,20,27,47,-3,90,13,7,0,3,19,6,2,257,7.8,1497,18:02,4.2
528,Claude Lemieux,34,RW,NJD,70,17,21,38,-3,86,10,7,0,3,14,5,2,221,7.7,1254,17:55,3.4
529,Claude Lemieux,34,RW,COL,13,3,6,9,0,4,3,0,0,0,5,1,0,36,8.3,243,18:40,0.8
530,Jean-Yves Leroux,23,LW,CHI,54,3,5,8,-10,43,3,0,0,1,5,0,0,36,8.3,579,10:44,-0.3
531,Curtis Leschyshyn,30,D,CAR,53,0,2,2,-19,14,0,0,0,0,2,0,0,31,0.0,943,17:47,0.1
532,Alan Letang,24,D,DAL,8,0,0,0,-5,2,0,0,0,0,0,0,0,1,0.0,80,9:57,-0.3
533,Trevor Letowski,22,C,PHX,82,19,20,39,2,20,12,3,4,3,16,1,3,125,15.2,1316,16:03,3.7
534,Nicklas Lidstrom,29,D,DET,81,20,53,73,19,18,7,9,4,3,30,22,1,218,9.2,2328,28:45,13.0
535,Juha Lind,26,LW,TOT,47,4,6,10,-3,10,4,0,0,0,6,0,0,42,9.5,493,10:29,0.7
536,Juha Lind,26,LW,DAL,34,3,4,7,-1,6,3,0,0,0,4,0,0,36,8.3,368,10:49,0.5
537,Juha Lind,26,LW,MTL,13,1,2,3,-2,4,1,0,0,0,2,0,0,6,16.7,125,9:37,0.2
538,Trevor Linden,29,C,MTL,50,13,17,30,-3,34,9,4,0,3,12,5,0,87,14.9,892,17:51,3.2
539,Mats Lindgren,25,C,NYI,43,9,7,16,0,24,8,1,0,1,6,1,0,68,13.2,829,19:17,1.2
540,Eric Lindros,26,C,PHI,55,27,32,59,11,83,16,10,1,2,21,11,0,187,14.4,1212,22:02,7.7
541,Bill Lindsay,28,LW,CGY,80,8,12,20,-7,86,8,0,0,2,9,1,2,147,5.4,1034,12:55,0.8
542,Richard Lintner,22,D,NSH,33,1,5,6,-6,22,1,0,0,0,3,2,0,58,1.7,490,14:51,0.9
543,Dave Lowry,34,LW,SJS,32,1,4,5,1,18,1,0,0,0,4,0,0,25,4.0,294,9:11,0.2
544,Warren Luhning,24,RW,DAL,10,0,1,1,-2,13,0,0,0,0,1,0,0,7,0.0,103,10:21,-0.1
545,Brad Lukowich,23,D,DAL,60,3,1,4,-14,50,3,0,0,1,1,0,0,33,9.1,704,11:44,0.8
546,Jyrki Lumme,33,D,PHX,74,8,32,40,9,44,4,4,0,3,17,12,3,142,5.6,1746,23:36,7.1
547,Roman Lyashenko,20,C,DAL,58,6,6,12,-2,10,6,0,0,1,6,0,0,51,11.8,634,10:56,0.9
548,Al MacInnis,36,D,STL,61,11,28,39,20,34,5,6,0,7,14,13,1,245,4.5,1593,26:07,8.7
549,John MacLean,35,RW,NYR,77,18,24,42,-2,52,10,6,2,3,23,1,0,158,11.4,1134,14:44,4.2
550,John Madden,26,LW,NJD,74,16,9,25,7,6,10,0,6,3,9,0,0,115,13.9,863,11:40,3.0
551,Adam Mair,20,C,TOR,8,1,0,1,-1,6,1,0,0,0,0,0,0,7,14.3,92,11:33,0.0
552,Vladimir Malakhov,31,D,TOT,24,1,4,5,1,23,0,1,0,1,3,1,0,18,5.6,494,20:36,1.3
553,Vladimir Malakhov,31,D,NJD,17,1,4,5,1,19,0,1,0,1,3,1,0,11,9.1,345,20:18,1.0
554,Vladimir Malakhov,31,D,MTL,7,0,0,0,0,4,0,0,0,0,0,0,0,7,0.0,149,21:20,0.3
555,Stewart Malgunas,29,D,CGY,4,0,1,1,1,2,0,0,0,0,1,0,0,0,,52,12:57,0.2
556,Manny Malhotra,19,C,NYR,27,0,0,0,-6,4,0,0,0,0,0,0,0,18,0.0,181,6:42,-0.5
557,Marek Malik,24,D,CAR,57,4,10,14,13,63,4,0,0,1,9,1,0,57,7.0,1026,18:00,4.4
558,Kirk Maltby,27,RW,DET,41,6,8,14,1,24,4,0,2,1,8,0,0,71,8.5,554,13:30,1.1
559,Kent Manderville,28,C,TOT,69,1,7,8,-6,16,1,0,0,1,7,0,0,62,1.6,617,8:57,-0.2
560,Kent Manderville,28,C,CAR,56,1,4,5,-8,12,1,0,0,1,4,0,0,45,2.2,462,8:15,-0.4
561,Kent Manderville,28,C,PHI,13,0,3,3,2,4,0,0,0,0,3,0,0,17,0.0,155,11:56,0.2
562,Mike Maneluk,26,RW,PHI,1,0,0,0,0,4,0,0,0,0,0,0,0,2,0.0,8,7:34,0.0
563,Cameron Mann,22,RW,BOS,32,8,4,12,-6,13,7,1,0,0,4,0,0,48,16.7,411,12:50,1.2
564,Dave Manson,33,D,TOT,63,1,9,10,12,62,1,0,0,0,5,4,0,66,1.5,992,15:45,3.1
565,Dave Manson,33,D,CHI,37,0,7,7,2,40,0,0,0,0,5,2,0,45,0.0,647,17:29,1.3
566,Dave Manson,33,D,DAL,26,1,2,3,10,22,1,0,0,0,0,2,0,21,4.8,345,13:16,1.8
567,Paul Mara,20,D,TBL,54,7,11,18,-27,73,3,4,0,1,7,4,0,78,9.0,1200,22:13,1.5
568,Todd Marchant,26,C,EDM,82,17,23,40,7,70,16,0,1,0,16,5,2,170,10.0,1405,17:08,3.8
569,Bryan Marchment,30,D,SJS,49,0,4,4,3,72,0,0,0,0,3,1,0,51,0.0,927,18:55,1.6
570,Josef Marha,23,C,CHI,81,10,12,22,-10,18,7,2,1,3,11,1,0,91,11.0,1080,13:20,1.0
571,Danny Markov,23,D,TOR,59,0,10,10,13,28,0,0,0,0,7,2,1,38,0.0,1188,20:08,2.8
572,Patrick Marleau,20,C,SJS,81,17,23,40,-9,36,14,3,0,3,16,7,0,161,10.6,1149,14:11,3.6
573,Grant Marshall,26,RW,DAL,45,2,6,8,-5,38,1,1,0,0,4,2,0,43,4.7,509,11:19,0.1
574,Jason Marshall,28,D,MDA,55,0,3,3,-10,88,0,0,0,0,3,0,0,41,0.0,910,16:33,0.5
575,Steve Martins,27,C,TOT,59,6,7,13,-12,37,5,0,1,1,5,0,2,65,9.2,789,13:22,0.1
576,Steve Martins,27,C,TBL,57,5,7,12,-11,37,4,0,1,1,5,0,2,62,8.1,767,13:27,0.0
577,Steve Martins,27,C,OTT,2,1,0,1,-1,0,1,0,0,0,0,0,0,3,33.3,22,11:10,0.1
578,Marquis Mathieu,26,C,BOS,6,0,2,2,-2,4,0,0,0,0,2,0,0,3,0.0,36,6:04,0.1
579,Christian Matte,25,RW,COL,5,0,1,1,-2,4,0,0,0,0,0,1,0,1,0.0,43,8:37,0.0
580,Stephane Matteau,30,RW,SJS,69,12,12,24,-3,61,12,0,0,3,12,0,0,73,16.4,818,11:52,2.2
581,Richard Matvichuk,26,D,DAL,70,4,21,25,7,42,4,0,0,1,14,6,1,73,5.5,1712,24:27,6.4
582,Brad May,28,LW,VAN,59,9,7,16,-2,90,9,0,0,3,7,0,0,66,13.6,613,10:24,1.4
583,Jamal Mayers,25,RW,STL,79,7,10,17,0,90,7,0,0,0,10,0,0,99,7.1,771,9:46,1.2
584,Chris McAllister,24,D,TOR,36,0,3,3,-4,68,0,0,0,0,3,0,0,12,0.0,433,12:02,0.3
585,Chris McAlpine,28,D,TOT,34,2,2,4,-8,26,2,0,0,0,2,0,0,34,5.9,488,14:22,0.5
586,Chris McAlpine,28,D,STL,21,1,1,2,1,14,1,0,0,0,1,0,0,25,4.0,246,11:41,0.7
587,Chris McAlpine,28,D,TBL,10,1,1,2,-5,10,1,0,0,0,1,0,0,5,20.0,184,18:23,0.1
588,Chris McAlpine,28,D,ATL,3,0,0,0,-4,2,0,0,0,0,0,0,0,4,0.0,59,19:40,-0.2
589,Dean McAmmond,26,LW,CHI,76,14,18,32,11,72,13,1,0,1,16,1,1,118,11.9,1248,16:25,2.9
590,Bryan McCabe,24,D,CHI,79,6,19,25,-8,139,4,2,0,2,13,6,0,119,5.0,1848,23:23,3.8
591,Sandy McCarthy,27,RW,TOT,71,6,5,11,-3,120,5,1,0,0,3,2,0,80,7.5,702,9:53,0.7
592,Sandy McCarthy,27,RW,PHI,58,6,5,11,-5,111,5,1,0,0,3,2,0,68,8.8,606,10:27,0.7
593,Sandy McCarthy,27,RW,CAR,13,0,0,0,2,9,0,0,0,0,0,0,0,12,0.0,96,7:24,-0.1
594,Steve McCarthy,18,D,CHI,5,1,1,2,0,4,0,1,0,0,0,1,0,4,25.0,76,15:09,0.4
595,Darren McCarty,27,RW,DET,24,6,6,12,1,48,6,0,0,1,6,0,0,40,15.0,328,13:40,1.3
596,Alyn McCauley,22,C,TOR,45,5,5,10,-6,10,4,1,0,0,5,0,0,41,12.2,485,10:46,0.4
597,Trent McCleary,27,C,MTL,12,1,0,1,2,4,1,0,0,0,0,0,0,4,25.0,75,6:14,0.2
598,Shawn McEachern,30,LW,OTT,69,29,22,51,2,24,19,10,0,4,16,6,0,219,13.2,1231,17:50,6.5
599,Dan McGillis,27,D,PHI,68,4,14,18,16,55,1,3,0,1,8,5,1,128,3.1,1365,20:04,5.5
600,Marty McInnis,29,RW,MDA,62,10,18,28,-4,26,7,2,1,2,9,8,1,129,7.8,1182,19:04,1.8
601,Randy McKay,33,RW,NJD,67,16,23,39,8,80,13,3,0,4,19,4,0,116,13.8,1048,15:39,4.1
602,Jay McKee,22,D,BUF,78,5,12,17,5,50,4,1,0,1,11,0,1,84,6.0,1635,20:58,4.4
603,Steve McKenna,26,LW,LAK,46,0,5,5,3,125,0,0,0,0,5,0,0,14,0.0,225,4:53,0.2
604,Jim McKenzie,30,LW,TOT,61,4,5,9,-5,64,4,0,0,0,5,0,0,32,12.5,514,8:26,0.3
605,Jim McKenzie,30,LW,MDA,31,3,3,6,-5,48,3,0,0,0,3,0,0,22,13.6,323,10:26,0.2
606,Jim McKenzie,30,LW,WSH,30,1,2,3,0,16,1,0,0,0,2,0,0,10,10.0,191,6:22,0.1
607,Kyle McLaren,22,D,BOS,71,8,11,19,-4,67,6,2,0,3,10,1,0,142,5.6,1654,23:18,4.5
608,Marty McSorley,36,D,BOS,27,2,3,5,2,62,2,0,0,0,2,1,0,24,8.3,379,14:01,1.4
609,Scott Mellanby,33,RW,FLA,77,18,28,46,14,126,12,6,0,2,24,4,0,134,13.4,1144,14:51,5.1
610,Eric Messier,26,D,COL,61,3,6,9,0,24,2,1,0,0,6,0,0,28,10.7,637,10:27,1.9
611,Mark Messier,39,C,VAN,66,17,37,54,-15,30,11,6,0,4,23,13,1,131,13.0,1399,21:12,4.3
612,Glen Metropolit,25,C,WSH,30,6,13,19,5,4,5,1,0,1,10,3,0,57,10.5,398,13:17,2.1
613,Petr Mika,20,C,NYI,3,0,0,0,-1,0,0,0,0,0,0,0,0,1,0.0,14,4:30,-0.1
614,Craig Millar,23,D,NSH,57,3,11,14,-6,28,3,0,0,1,9,2,0,50,6.0,962,16:53,2.5
615,Aaron Miller,28,D,COL,53,1,7,8,3,36,1,0,0,0,7,0,0,44,2.3,1012,19:05,2.3
616,Kevin Miller,34,RW,OTT,9,3,2,5,1,2,2,1,0,2,2,0,0,11,27.3,74,8:10,0.8
617,Kip Miller,30,C,TOT,74,10,32,42,0,14,8,2,0,2,25,7,0,82,12.2,1041,14:04,3.4
618,Kip Miller,30,C,PIT,44,4,15,19,-1,10,4,0,0,1,13,2,0,50,8.0,629,14:18,1.1
619,Kip Miller,30,C,MDA,30,6,17,23,1,4,4,2,0,1,12,5,0,32,18.8,412,13:44,2.3
620,Boris Mironov,27,D,CHI,58,9,28,37,-3,72,3,4,2,1,17,11,0,144,6.3,1443,24:53,5.5
621,Dmitri Mironov,34,D,WSH,73,3,19,22,7,28,2,1,0,0,10,9,0,99,3.0,1487,20:22,4.6
622,Willie Mitchell,22,D,NJD,2,0,0,0,1,0,0,0,0,0,0,0,0,2,0.0,32,16:04,0.1
623,Mike Modano,29,C,DAL,77,38,43,81,0,48,26,11,1,8,23,16,4,188,20.2,1764,22:55,9.7
624,Fredrik Modin,25,LW,TBL,80,22,26,48,-26,18,19,3,0,5,17,9,0,167,13.2,1243,15:32,4.1
625,Jaroslav Modry,28,D,LAK,26,5,4,9,-2,18,0,5,0,1,3,1,0,32,15.6,500,19:13,1.6
626,Alexander Mogilny,30,RW,TOT,59,24,20,44,3,20,18,5,1,1,17,3,0,161,14.9,1125,19:04,5.2
627,Alexander Mogilny,30,RW,VAN,47,21,17,38,7,16,17,3,1,1,14,3,0,126,16.7,920,19:34,4.8
628,Alexander Mogilny,30,RW,NJD,12,3,3,6,-4,4,1,2,0,0,3,0,0,35,8.6,205,17:04,0.4
629,Barrie Moore,24,LW,WSH,1,0,0,0,0,0,0,0,0,0,0,0,0,2,0.0,10,9:50,0.0
630,Ian Moran,27,D,PIT,73,4,8,12,-10,28,4,0,0,0,8,0,0,58,6.9,829,11:21,1.5
631,David Moravec,26,RW,BUF,1,0,0,0,-1,0,0,0,0,0,0,0,0,2,0.0,15,15:15,-0.1
632,Ethan Moreau,24,LW,EDM,73,17,10,27,8,62,16,1,0,3,9,0,1,106,16.0,1103,15:07,3.0
633,Dave Morissette,28,LW,MTL,1,0,0,0,0,5,0,0,0,0,0,0,0,0,,4,3:50,0.0
634,Marc Moro,22,D,NSH,8,0,0,0,-3,40,0,0,0,0,0,0,0,3,0.0,87,10:55,-0.1
635,Aleksey Morozov,22,RW,PIT,68,12,19,31,12,14,11,0,1,0,18,1,0,101,11.9,942,13:51,3.1
636,Derek Morris,21,D,CGY,78,9,29,38,2,80,6,3,0,2,18,11,0,193,4.7,1938,24:51,6.9
637,Brendan Morrison,24,C,TOT,56,7,28,35,12,18,5,2,0,1,19,9,0,96,7.3,887,15:50,3.2
638,Brendan Morrison,24,C,NJD,44,5,21,26,8,8,3,2,0,1,14,7,0,79,6.3,710,16:09,2.3
639,Brendan Morrison,24,C,VAN,12,2,7,9,4,10,2,0,0,0,5,2,0,17,11.8,176,14:41,1.0
640,Brenden Morrow,21,LW,DAL,64,14,19,33,8,81,11,3,0,3,14,5,0,113,12.4,1014,15:51,3.7
641,Mark Mowers,25,RW,NSH,41,4,5,9,0,10,4,0,0,0,5,0,0,50,8.0,449,10:58,0.7
642,Bill Muckalt,25,RW,TOT,45,8,11,19,11,21,7,1,0,1,10,1,0,79,10.1,629,13:59,2.1
643,Bill Muckalt,25,RW,VAN,33,4,8,12,6,17,3,1,0,1,7,1,0,53,7.5,481,14:34,1.0
644,Bill Muckalt,25,RW,NYI,12,4,3,7,5,4,4,0,0,0,3,0,0,26,15.4,149,12:23,1.1
645,Bryan Muir,26,D,TOT,41,3,4,7,-9,45,2,0,1,0,2,2,0,51,5.9,781,19:03,1.0
646,Bryan Muir,26,D,TBL,30,1,1,2,-8,32,1,0,0,0,1,0,0,32,3.1,584,19:29,0.2
647,Bryan Muir,26,D,CHI,11,2,3,5,-1,13,1,0,1,0,1,2,0,19,10.5,197,17:54,0.8
648,Kirk Muller,33,C,DAL,47,7,15,22,-3,24,4,3,0,2,9,5,1,57,12.3,770,16:24,1.8
649,Gord Murphy,32,D,ATL,58,1,10,11,-26,38,1,0,0,0,6,3,1,74,1.4,1315,22:41,0.9
650,Joe Murphy,32,RW,TOT,55,12,15,27,1,94,8,4,0,2,12,3,0,118,10.2,815,14:49,2.8
651,Joe Murphy,32,RW,WSH,29,5,8,13,8,53,4,1,0,2,8,0,0,50,10.0,419,14:27,1.5
652,Joe Murphy,32,RW,BOS,26,7,7,14,-7,41,4,3,0,0,4,3,0,68,10.3,396,15:13,1.3
653,Larry Murphy,38,D,DET,81,10,30,40,4,45,3,7,0,0,21,9,0,146,6.8,1769,21:50,6.9
654,Chris Murray,25,RW,DAL,32,2,1,3,-7,62,2,0,0,0,1,0,0,25,8.0,170,5:19,0.0
655,Glen Murray,27,RW,LAK,78,29,33,62,13,60,18,10,1,2,25,8,0,202,14.4,1443,18:30,7.1
656,Rem Murray,27,C,EDM,44,9,5,14,-2,8,7,2,0,3,4,1,0,65,13.8,628,14:16,1.2
657,Brantt Myhres,25,RW,SJS,13,0,1,1,0,97,0,0,0,0,1,0,0,2,0.0,40,3:03,0.0
658,Dmitri Nabokov,23,LW,NYI,26,4,7,11,-8,16,4,0,0,0,5,2,0,40,10.0,352,13:33,0.7
659,Ladislav Nagy,20,RW,STL,11,2,4,6,2,2,1,1,0,0,3,1,0,15,13.3,136,12:19,0.7
660,John Namestnikov,28,D,NSH,2,0,0,0,0,2,0,0,0,0,0,0,0,3,0.0,32,15:48,0.0
661,Tyson Nash,24,LW,STL,66,4,9,13,6,150,3,0,1,1,8,1,0,68,5.9,567,8:35,1.1
662,Markus Naslund,26,LW,VAN,82,27,38,65,-5,64,19,6,2,3,18,19,1,271,10.0,1657,20:13,6.4
663,Andrei Nazarov,25,RW,CGY,76,10,22,32,3,78,9,1,0,1,20,2,0,110,9.1,892,11:44,2.9
664,Rumun Ndur,24,D,ATL,27,1,0,1,-17,71,1,0,0,0,0,0,0,6,16.7,356,13:12,-0.7
665,Stan Neckar,24,D,PHX,66,2,8,10,1,36,2,0,0,0,8,0,0,34,5.9,954,14:27,2.1
666,Petr Nedved,28,C,NYR,76,24,44,68,2,40,16,6,2,4,28,15,1,201,11.9,1513,19:54,7.0
667,Sergei Nemchinov,36,C,NJD,53,10,16,26,1,18,9,0,1,1,13,2,1,55,18.2,726,13:42,2.5
668,Jan Nemecek,23,D,LAK,1,0,0,0,0,0,0,0,0,0,0,0,0,0,,10,9:36,0.0
669,Eric Nickulas,24,RW,BOS,20,5,6,11,-1,12,4,1,0,0,5,1,0,28,17.9,224,11:13,1.3
670,Rob Niedermayer,25,C,FLA,81,10,23,33,-5,46,9,1,0,4,15,8,0,135,7.4,1545,19:04,1.5
671,Scott Niedermayer,26,D,NJD,71,7,31,38,19,48,6,1,0,0,23,8,0,109,6.4,1729,24:21,7.7
672,Jeff Nielsen,28,RW,MDA,79,8,10,18,4,14,7,1,0,0,10,0,0,113,7.1,946,11:59,1.2
673,Ville Nieminen,22,LW,COL,1,0,0,0,0,0,0,0,0,0,0,0,0,2,0.0,10,10:12,0.0
674,Joe Nieuwendyk,33,C,DAL,48,15,19,34,-1,26,8,7,0,2,12,7,0,110,13.6,780,16:15,3.9
675,Janne Niinimaa,24,D,EDM,81,8,25,33,14,89,4,2,2,0,13,12,0,133,6.0,1982,24:28,7.4
676,Andrei Nikolishin,26,C,WSH,76,11,14,25,6,28,9,0,2,2,12,2,0,98,11.2,1195,15:44,1.9
677,Marcus Nilson,21,RW,FLA,9,0,2,2,2,2,0,0,0,0,2,0,0,6,0.0,71,7:56,0.2
678,Owen Nolan,27,RW,SJS,78,44,40,84,-1,110,22,18,4,6,21,15,4,261,16.9,1647,21:07,10.5
679,Mattias Norstrom,28,D,LAK,82,1,13,14,22,66,1,0,0,0,13,0,0,62,1.6,1789,21:49,4.4
680,Jeff Norton,34,D,SJS,62,0,20,20,-2,49,0,0,0,0,17,2,1,45,0.0,1212,19:32,3.2
681,Ivan Novoseltsev,21,RW,FLA,14,2,1,3,-3,8,0,2,0,0,1,0,0,8,25.0,147,10:29,0.1
682,Teppo Numminen,31,D,PHX,79,8,34,42,21,16,6,2,0,2,20,11,3,126,6.3,1866,23:37,8.4
683,Michael Nylander,27,RW,TOT,77,24,30,54,6,30,19,5,0,2,22,8,0,122,19.7,1214,15:46,6.2
684,Michael Nylander,27,RW,CHI,66,23,28,51,9,26,19,4,0,2,21,7,0,112,20.5,1099,16:39,6.1
685,Michael Nylander,27,RW,TBL,11,1,2,3,-3,4,0,1,0,0,1,1,0,10,10.0,116,10:32,0.1
686,Sean O'Donnell,28,D,LAK,80,2,12,14,4,114,2,0,0,1,10,1,1,51,3.9,1415,17:41,2.8
687,Jeff O'Neill,23,C,CAR,80,25,38,63,-9,72,21,4,0,7,23,15,0,189,13.2,1546,19:20,6.5
688,Chris O'Sullivan,25,D,VAN,11,0,5,5,2,2,0,0,0,0,3,2,0,16,0.0,196,17:47,0.8
689,Adam Oates,37,C,WSH,82,15,56,71,13,14,10,5,0,6,40,16,0,93,16.1,1832,22:20,6.3
690,Lyle Odelein,31,D,TOT,73,2,22,24,-9,123,1,1,0,1,17,4,1,89,2.2,1300,17:48,3.2
691,Lyle Odelein,31,D,NJD,57,1,15,16,-10,104,1,0,0,1,13,2,0,59,1.7,952,16:42,1.9
692,Lyle Odelein,31,D,PHX,16,1,7,8,1,19,0,1,0,0,4,2,1,30,3.3,348,21:45,1.3
693,Jeff Odgers,30,RW,COL,62,1,2,3,-7,162,1,0,0,1,2,0,0,29,3.4,334,5:23,-0.4
694,Gino Odjick,29,LW,TOT,59,8,11,19,-5,100,8,0,0,4,10,1,0,115,7.0,678,11:29,1.5
695,Gino Odjick,29,LW,NYI,46,5,10,15,-7,90,5,0,0,3,9,1,0,91,5.5,560,12:10,0.9
696,Gino Odjick,29,LW,PHI,13,3,1,4,2,10,3,0,0,1,1,0,0,24,12.5,118,9:03,0.6
697,Mattias Ohlund,23,D,VAN,42,4,16,20,6,24,1,2,1,1,7,9,0,63,6.3,1163,27:41,3.8
698,Fredrik Olausson,33,D,MDA,70,15,19,34,-13,28,7,8,0,1,5,14,0,120,12.5,1401,20:01,5.6
699,Ed Olczyk,33,RW,CHI,33,2,2,4,-8,12,2,0,0,0,2,0,0,33,6.1,307,9:18,-0.2
700,David Oliver,28,RW,PHX,9,1,0,1,0,2,0,1,0,0,0,0,0,6,16.7,69,7:38,0.1
701,Krzysztof Oliwa,26,RW,NJD,69,6,10,16,-2,184,5,1,0,2,10,0,0,61,9.8,466,6:45,1.4
702,Vladimir Orszagh,22,RW,NYI,11,2,1,3,1,4,2,0,0,0,1,0,0,16,12.5,131,11:55,0.3
703,Sandis Ozolinsh,27,D,COL,82,16,36,52,17,46,10,6,0,1,19,17,0,210,7.6,1861,22:41,10.4
704,Ziggy Palffy,27,RW,LAK,64,27,39,66,18,32,23,4,0,3,22,17,0,186,14.5,1258,19:39,7.9
705,Jay Pandolfo,25,LW,NJD,71,7,8,15,0,4,7,0,0,0,8,0,0,86,8.1,953,13:25,0.6
706,Mark Parrish,22,RW,FLA,81,26,18,44,1,39,20,6,0,3,15,3,0,152,17.1,1139,14:04,5.3
707,Pavel Patera,28,C,DAL,12,1,4,5,-1,4,1,0,0,0,4,0,0,18,5.6,169,14:04,0.3
708,James Patrick,36,D,BUF,66,5,8,13,8,22,5,0,0,3,8,0,0,40,12.5,1055,15:59,3.6
709,Scott Pearson,30,LW,NYI,2,0,1,1,1,0,0,0,0,0,1,0,0,5,0.0,26,13:15,0.1
710,Michael Peca,25,C,BUF,73,20,21,41,6,67,18,2,0,3,13,5,3,144,13.9,1456,19:57,4.2
711,Denis Pederson,24,C,TOT,47,6,5,11,-6,18,6,0,0,1,4,0,1,56,10.7,527,11:13,0.6
712,Denis Pederson,24,C,NJD,35,3,3,6,-7,16,3,0,0,0,2,0,1,41,7.3,375,10:42,0.0
713,Denis Pederson,24,C,VAN,12,3,2,5,1,2,3,0,0,1,2,0,0,15,20.0,152,12:41,0.6
714,Scott Pellerin,30,LW,STL,80,8,15,23,9,48,6,0,2,2,14,0,1,120,6.7,1183,14:47,1.7
715,Ville Peltonen,26,LW,NSH,79,6,22,28,-1,22,4,2,0,2,19,3,0,125,4.8,1159,14:41,1.7
716,Yanic Perreault,28,C,TOR,58,18,27,45,3,22,13,5,0,4,17,10,0,114,15.8,887,15:18,5.1
717,Ricard Persson,30,D,STL,41,0,8,8,-2,38,0,0,0,0,7,1,0,30,0.0,508,12:24,1.3
718,Oleg Petrov,28,RW,MTL,44,2,24,26,10,8,1,1,0,0,18,6,0,96,2.1,697,15:51,2.4
719,Robert Petrovicky,26,LW,TBL,43,7,10,17,2,14,6,1,0,0,8,2,0,50,14.0,434,10:05,1.8
720,Chris Phillips,21,D,OTT,65,5,14,19,12,39,5,0,0,1,11,2,1,96,5.2,1094,16:50,4.6
721,Michel Picard,30,LW,EDM,2,0,0,0,0,2,0,0,0,0,0,0,0,2,0.0,20,9:56,0.0
722,Rich Pilon,31,D,TOT,54,0,6,6,-2,70,0,0,0,0,6,0,0,16,0.0,889,16:28,1.5
723,Rich Pilon,31,D,NYR,45,0,4,4,0,36,0,0,0,0,4,0,0,16,0.0,742,16:29,1.3
724,Rich Pilon,31,D,NYI,9,0,2,2,-2,34,0,0,0,0,2,0,0,0,,147,16:21,0.2
725,Lance Pitlick,32,D,FLA,62,3,5,8,7,44,3,0,0,1,5,0,0,26,11.5,1027,16:33,2.6
726,Domenic Pittis,25,C,BUF,7,1,0,1,1,6,1,0,0,0,0,0,0,6,16.7,80,11:27,0.1
727,Derek Plante,29,C,TOT,33,2,2,4,-5,4,1,1,0,0,2,0,0,31,6.5,294,8:55,0.0
728,Derek Plante,29,C,CHI,17,1,1,2,-1,2,1,0,0,0,1,0,0,14,7.1,133,7:48,0.0
729,Derek Plante,29,C,DAL,16,1,1,2,-4,2,0,1,0,0,1,0,0,17,5.9,161,10:05,-0.1
730,Shjon Podein,31,LW,COL,75,11,8,19,12,29,10,0,1,3,8,0,0,104,10.6,1014,13:31,1.9
731,Jason Podollan,23,RW,LAK,1,0,1,1,0,2,0,0,0,0,0,1,0,2,0.0,16,16:13,0.1
732,Rudy Poeschek,33,D,STL,12,0,0,0,-3,24,0,0,0,0,0,0,0,8,0.0,135,11:15,-0.1
733,Peter Popovic,31,D,PIT,54,1,5,6,-8,30,1,0,0,0,4,1,0,23,4.3,875,16:12,0.7
734,Marek Posmyk,21,D,TBL,18,1,2,3,1,20,1,0,0,0,2,0,0,22,4.5,237,13:12,0.7
735,Tom Poti,22,D,EDM,76,9,26,35,8,65,6,2,1,1,15,11,0,125,7.2,1836,24:10,7.1
736,Patrick Poulin,26,C,MTL,82,10,5,15,-15,17,9,0,1,2,4,0,1,82,12.2,1030,12:34,0.7
737,Nolan Pratt,24,D,CAR,64,3,1,4,-22,90,3,0,0,1,1,0,0,47,6.4,1227,19:10,0.8
738,Keith Primeau,28,C,PHI,23,7,10,17,10,31,6,1,0,1,9,0,1,51,13.7,406,17:38,2.3
739,Wayne Primeau,23,C,TOT,58,7,10,17,-12,63,5,2,0,1,8,1,1,75,9.3,697,12:01,0.8
740,Wayne Primeau,23,C,BUF,41,5,7,12,-8,38,3,2,0,1,6,1,0,40,12.5,453,11:03,0.7
741,Wayne Primeau,23,C,TBL,17,2,3,5,-4,25,2,0,0,0,2,0,1,35,5.7,244,14:21,0.1
742,Bob Probert,34,LW,CHI,69,4,11,15,10,114,4,0,0,0,11,0,0,38,10.5,722,10:28,1.0
743,Martin Prochazka,27,RW,ATL,3,0,1,1,-1,0,0,0,0,0,1,0,0,5,0.0,50,16:37,0.0
744,Chris Pronger,25,D,STL,79,14,48,62,52,92,6,8,0,3,27,18,3,192,7.3,2389,30:14,14.8
745,Sean Pronger,27,C,BOS,11,0,1,1,-4,13,0,0,0,0,1,0,0,7,0.0,119,10:47,-0.2
746,Vinny Prospal,24,C,OTT,79,22,33,55,-2,40,17,5,0,4,20,12,1,204,10.8,1299,16:26,5.9
747,Joel Prpic,25,C,BOS,14,0,3,3,-6,0,0,0,0,0,3,0,0,13,0.0,95,6:47,-0.1
748,Dale Purinton,23,D,NYR,1,0,0,0,-1,7,0,0,0,0,0,0,0,1,0.0,13,12:45,-0.1
749,Jamie Pushor,26,D,DAL,62,0,8,8,0,53,0,0,0,0,8,0,0,27,0.0,719,11:36,2.0
750,Deron Quint,23,D,TOT,54,4,7,11,-2,24,4,0,0,1,5,2,0,94,4.3,898,16:38,2.2
751,Deron Quint,23,D,PHX,50,3,7,10,0,22,3,0,0,1,5,2,0,88,3.4,832,16:39,2.1
752,Deron Quint,23,D,NJD,4,1,0,1,-2,2,1,0,0,0,0,0,0,6,16.7,66,16:26,0.1
753,Stephane Quintal,31,D,NYR,75,2,14,16,-10,77,2,0,0,1,10,3,1,102,2.0,1430,19:04,2.8
754,Karel Rachunek,20,D,OTT,6,0,0,0,0,2,0,0,0,0,0,0,0,3,0.0,48,8:03,0.1
755,Brian Rafalski,26,D,NJD,75,5,27,32,21,28,4,1,0,1,21,6,0,128,3.9,1414,18:51,6.8
756,Marcus Ragnarsson,28,D,SJS,63,3,13,16,13,38,3,0,0,0,8,3,2,60,5.0,1440,22:52,4.5
757,Paul Ranheim,34,LW,CAR,79,9,13,22,-14,6,9,0,0,2,11,2,0,98,9.2,894,11:19,1.4
758,Erik Rasmussen,22,C,BUF,67,8,6,14,1,43,8,0,0,2,5,1,0,76,10.5,767,11:27,1.0
759,Mike Rathje,25,D,SJS,66,2,14,16,-2,31,2,0,0,0,9,5,0,46,4.3,1464,22:11,3.2
760,Rob Ray,31,LW,BUF,69,1,3,4,0,158,1,0,0,0,3,0,0,17,5.9,290,4:13,0.0
761,Marty Reasoner,22,C,STL,32,10,14,24,9,20,7,3,0,0,9,5,0,51,19.6,491,15:20,3.1
762,Mark Recchi,31,RW,PHI,82,28,63,91,20,50,20,7,1,5,30,32,1,223,12.6,1781,21:43,10.7
763,Wade Redden,22,D,OTT,81,10,26,36,-1,49,7,3,0,2,13,13,0,163,6.1,1921,23:43,6.8
764,Joe Reekie,34,D,WSH,59,0,7,7,21,50,0,0,0,0,7,0,0,32,0.0,1034,17:32,3.4
765,Robyn Regehr,19,D,CGY,57,5,7,12,-2,46,3,2,0,0,6,1,0,64,7.8,1049,18:24,2.6
766,Dave Reid,35,LW,COL,65,11,7,18,12,28,11,0,0,3,7,0,0,86,12.8,971,14:57,1.8
767,Steve Reinprecht,23,C,LAK,1,0,0,0,0,2,0,0,0,0,0,0,0,0,,6,6:01,0.0
768,Todd Reirden,28,D,STL,56,4,21,25,18,32,4,0,0,1,16,5,0,77,5.2,1025,18:18,5.7
769,Mikael Renberg,27,RW,TOT,72,10,25,35,-1,32,7,3,0,1,18,7,0,122,8.2,989,13:44,3.2
770,Mikael Renberg,27,RW,PHI,62,8,21,29,-1,30,5,3,0,1,15,6,0,106,7.5,834,13:27,2.7
771,Mikael Renberg,27,RW,PHX,10,2,4,6,0,2,2,0,0,0,3,1,0,16,12.5,155,15:31,0.5
772,Pascal Rheaume,26,C,STL,7,1,1,2,-2,6,1,0,0,0,1,0,0,5,20.0,71,10:08,0.1
773,Mike Ribeiro,19,C,MTL,19,1,1,2,-6,2,0,1,0,0,0,1,0,18,5.6,203,10:40,-0.2
774,Mike Ricci,28,C,SJS,82,20,24,44,14,60,10,10,0,5,18,4,2,134,14.9,1384,16:52,4.9
775,Luke Richardson,30,D,PHI,74,2,5,7,14,140,2,0,0,1,4,0,1,50,4.0,1197,16:11,3.8
776,Stephane Richer,33,RW,TOT,56,15,22,37,9,18,10,5,0,1,15,7,0,110,13.6,775,13:50,4.4
777,Stephane Richer,33,RW,STL,36,8,17,25,7,14,4,4,0,1,12,5,0,63,12.7,484,13:27,2.9
778,Stephane Richer,33,RW,TBL,20,7,5,12,2,4,6,1,0,0,3,2,0,47,14.9,290,14:31,1.5
779,Barry Richter,29,D,MTL,23,0,2,2,-5,8,0,0,0,0,1,1,0,13,0.0,282,12:15,0.3
780,Byron Ritchie,22,C,CAR,26,0,2,2,-10,17,0,0,0,0,1,1,0,13,0.0,193,7:24,-0.5
781,Jamie Rivers,24,D,NYI,75,1,16,17,-4,84,0,1,0,0,12,4,0,95,1.1,1474,19:39,3.0
782,Craig Rivet,25,D,MTL,61,3,14,17,11,76,3,0,0,1,13,1,0,71,4.2,1162,19:03,4.9
783,Gary Roberts,33,LW,CAR,69,23,30,53,-10,62,11,12,0,1,26,4,0,150,15.3,1278,18:31,5.6
784,Bert Robertsson,25,D,EDM,52,0,4,4,-3,34,0,0,0,0,3,0,1,31,0.0,562,10:49,0.8
785,Stephane Robidas,22,D,MTL,1,0,0,0,0,0,0,0,0,0,0,0,0,0,,16,15:54,0.0
786,Luc Robitaille,33,LW,LAK,71,36,38,74,11,68,23,13,0,7,25,13,0,221,16.3,1318,18:34,9.2
787,Randy Robitaille,24,C,NSH,69,11,14,25,-13,10,9,2,0,1,5,9,0,113,9.7,888,12:52,1.9
788,Dave Roche,24,LW,CGY,2,0,0,0,-1,5,0,0,0,0,0,0,0,3,0.0,17,8:33,-0.1
789,Marc Rodgers,27,RW,DET,21,1,1,2,-3,10,1,0,0,0,1,0,0,17,5.9,166,7:55,-0.1
790,Jeremy Roenick,30,C,PHX,75,34,44,78,11,102,25,6,3,12,30,13,1,192,17.7,1564,20:51,9.1
791,Stacy Roest,25,C,DET,49,7,9,16,-1,12,6,1,0,1,9,0,0,56,12.5,487,9:56,1.4
792,Brian Rolston,26,LW,TOT,77,16,15,31,-12,18,11,5,0,6,10,5,0,206,7.8,1381,17:56,2.1
793,Brian Rolston,26,LW,COL,50,8,10,18,-6,12,7,1,0,3,7,3,0,107,7.5,815,16:18,1.1
794,Brian Rolston,26,LW,BOS,16,5,4,9,-4,6,2,3,0,1,3,1,0,66,7.6,355,22:13,0.7
795,Brian Rolston,26,LW,NJD,11,3,1,4,-2,0,2,1,0,2,0,1,0,33,9.1,211,19:09,0.3
796,Dale Rominski,24,RW,TBL,3,0,1,1,1,2,0,0,0,0,1,0,0,0,,25,8:23,0.1
797,Cliff Ronning,34,C,NSH,82,26,36,62,-13,34,19,7,0,2,19,17,0,248,10.5,1490,18:11,6.4
798,Pavel Rosa,22,RW,LAK,3,0,0,0,-1,0,0,0,0,0,0,0,0,1,0.0,34,11:21,-0.1
799,Bob Rouse,35,D,SJS,26,0,1,1,-3,19,0,0,0,0,0,0,1,20,0.0,388,14:56,0.3
800,Andre Roy,24,LW,OTT,73,4,3,7,3,145,4,0,0,1,3,0,0,39,10.3,474,6:29,0.5
801,Michal Rozsival,21,D,PIT,75,4,17,21,11,48,3,1,0,1,17,0,0,73,5.5,1426,19:01,4.4
802,Steve Rucchin,28,C,MDA,71,19,38,57,9,16,9,10,0,2,32,6,0,131,14.5,1576,22:12,5.5
803,Martin Rucinsky,28,LW,MTL,80,25,24,49,1,70,17,7,1,4,11,13,0,242,10.3,1512,18:54,5.8
804,Jarkko Ruutu,24,LW,VAN,8,0,1,1,-1,6,0,0,0,0,1,0,0,4,0.0,70,8:47,-0.1
805,Joe Sacco,30,LW,WSH,79,7,16,23,7,50,7,0,0,1,14,0,2,117,6.0,936,11:51,1.8
806,Joe Sakic,30,C,COL,60,28,53,81,30,28,22,5,1,5,36,17,0,242,11.6,1396,23:16,10.1
807,Ruslan Salei,25,D,MDA,71,5,5,10,3,94,4,1,0,0,3,2,0,116,4.3,1444,20:21,3.4
808,Sami Salo,25,D,OTT,37,6,8,14,6,2,3,3,0,1,6,2,0,85,7.1,751,20:18,3.4
809,Sergei Samsonov,21,LW,BOS,77,19,26,45,-6,4,13,6,0,3,18,8,0,145,13.1,1273,16:32,4.4
810,Ulf Samuelsson,35,D,PHI,49,1,2,3,8,58,1,0,0,1,2,0,0,17,5.9,768,15:40,2.2
811,Geoff Sanderson,27,LW,BUF,67,13,13,26,4,22,9,4,0,3,12,1,0,136,9.6,865,12:54,2.8
812,Oleg Saprykin,18,C,CGY,4,0,1,1,-4,2,0,0,0,0,0,1,0,2,0.0,50,12:35,-0.1
813,Yves Sarault,27,LW,OTT,11,0,2,2,-3,7,0,0,0,0,2,0,0,13,0.0,100,9:03,-0.1
814,Cory Sarich,21,D,TOT,59,0,6,6,-6,77,0,0,0,0,4,1,1,69,0.0,1095,18:34,1.2
815,Cory Sarich,21,D,BUF,42,0,4,4,2,35,0,0,0,0,3,1,0,49,0.0,743,17:42,1.3
816,Cory Sarich,21,D,TBL,17,0,2,2,-8,42,0,0,0,0,1,0,1,20,0.0,352,20:42,-0.1
817,Miroslav Satan,25,RW,BUF,81,33,34,67,16,32,25,5,3,5,26,7,1,265,12.5,1667,20:35,8.3
818,Andre Savage,24,C,BOS,43,7,13,20,-8,10,5,2,0,1,10,3,0,70,10.0,631,14:40,1.5
819,Brian Savage,28,RW,MTL,38,17,12,29,-4,19,10,6,1,5,12,0,0,107,15.9,682,17:56,3.7
820,Marc Savard,22,C,CGY,78,22,31,53,-2,56,18,4,0,3,22,9,0,184,12.0,1294,16:36,5.4
821,Kevin Sawyer,25,RW,PHX,3,0,0,0,1,12,0,0,0,0,0,0,0,0,,7,2:20,0.0
822,Dave Scatchard,23,C,TOT,65,12,18,30,-3,117,11,0,1,1,18,0,0,128,9.4,817,12:34,2.9
823,Dave Scatchard,23,C,NYI,44,12,14,26,0,93,11,0,1,1,14,0,0,103,11.7,603,13:42,3.0
824,Dave Scatchard,23,C,VAN,21,0,4,4,-3,24,0,0,0,0,4,0,0,25,0.0,214,10:12,-0.1
825,Peter Schaefer,22,LW,VAN,71,16,15,31,0,20,12,2,2,4,5,7,3,101,15.8,1098,15:28,2.9
826,Petr Schastlivy,20,LW,OTT,13,2,5,7,4,2,1,1,0,1,4,1,0,22,9.1,160,12:18,0.8
827,Mathieu Schneider,30,D,NYR,80,10,20,30,-6,78,7,3,0,1,9,11,0,228,4.4,1801,22:31,5.8
828,Ray Schultz,23,D,NYI,9,0,1,1,1,30,0,0,0,0,1,0,0,2,0.0,129,14:18,0.3
829,Darrel Scoville,24,D,CGY,6,0,0,0,1,2,0,0,0,0,0,0,0,1,0.0,56,9:18,0.1
830,Teemu Selanne,29,RW,MDA,79,33,52,85,6,12,25,8,0,6,29,23,0,236,14.0,1795,22:44,9.3
831,Alex Selivanov,28,RW,EDM,67,27,20,47,2,46,17,10,0,5,15,5,0,122,22.1,969,14:28,6.1
832,Brendan Shanahan,31,LW,DET,78,41,37,78,24,105,27,13,1,9,19,16,2,283,14.5,1449,18:35,10.5
833,Darryl Shannon,31,D,TOT,76,6,21,27,-27,87,5,1,0,1,12,9,0,112,5.4,1682,22:08,3.3
834,Darryl Shannon,31,D,ATL,49,5,13,18,-14,65,4,1,0,1,8,5,0,66,7.6,1046,21:21,2.7
835,Darryl Shannon,31,D,CGY,27,1,8,9,-13,22,1,0,0,0,4,4,0,46,2.2,636,23:33,0.6
836,Jeff Shantz,26,C,CGY,74,13,18,31,-13,30,7,6,0,1,13,5,0,112,11.6,1350,18:15,1.7
837,Vadim Sharifijanov,24,RW,TOT,37,5,5,10,-13,22,4,1,0,0,4,1,0,46,10.9,444,11:59,0.3
838,Vadim Sharifijanov,24,RW,NJD,20,3,4,7,-6,8,3,0,0,0,4,0,0,20,15.0,219,10:58,0.4
839,Vadim Sharifijanov,24,RW,VAN,17,2,1,3,-7,14,1,1,0,0,0,1,0,26,7.7,224,13:11,-0.2
840,Ray Sheppard,33,RW,FLA,47,10,10,20,-4,4,5,5,0,2,8,2,0,74,13.5,640,13:38,1.8
841,Jeff Shevalier,25,LW,TBL,5,0,0,0,-1,2,0,0,0,0,0,0,0,2,0.0,11,2:14,-0.1
842,Mike Sillinger,28,RW,TOT,80,23,29,52,-30,102,12,8,3,2,18,9,2,146,15.8,1574,19:40,3.8
843,Mike Sillinger,28,RW,TBL,67,19,25,44,-29,86,10,6,3,1,15,8,2,126,15.1,1320,19:42,3.1
844,Mike Sillinger,28,RW,FLA,13,4,4,8,-1,16,2,2,0,1,3,1,0,20,20.0,254,19:33,0.8
845,Jon Sim,22,C,DAL,25,5,3,8,4,10,3,2,0,1,3,0,0,44,11.4,271,10:51,1.1
846,Chris Simon,28,LW,WSH,75,29,20,49,11,146,22,7,0,5,16,4,0,201,14.4,1165,15:32,6.6
847,Reid Simpson,30,LW,TBL,26,1,0,1,-3,103,1,0,0,0,0,0,0,13,7.7,118,4:33,-0.1
848,Todd Simpson,26,D,FLA,82,1,6,7,5,202,1,0,0,0,6,0,0,50,2.0,1360,16:35,2.5
849,Andrei Skopintsev,28,D,TBL,4,0,0,0,-4,6,0,0,0,0,0,0,0,0,,56,14:07,-0.3
850,Martin Skoula,20,D,COL,80,3,13,16,5,20,1,2,0,0,12,1,0,66,4.5,1460,18:15,3.9
851,Karlis Skrastins,25,D,NSH,59,5,6,11,-7,20,4,1,0,2,5,0,1,51,9.8,1230,20:51,2.7
852,Brian Skrudland,36,C,DAL,22,1,2,3,0,22,1,0,0,0,2,0,0,16,6.3,185,8:24,0.2
853,John Slaney,27,D,PIT,29,1,4,5,-10,10,0,1,0,0,3,1,0,27,3.7,354,12:13,0.1
854,Jiri Slegr,28,D,PIT,74,11,20,31,20,82,11,0,0,2,17,3,0,144,7.6,1581,21:22,7.0
855,Blake Sloan,24,RW,DAL,67,4,13,17,11,50,4,0,0,1,11,1,1,78,5.1,904,13:30,1.3
856,Richard Smehlik,30,D,BUF,64,2,9,11,13,50,2,0,0,0,9,0,0,67,3.0,1349,21:04,3.8
857,Brandon Smith,26,D,BOS,22,2,4,6,-4,10,2,0,0,0,3,1,0,24,8.3,429,19:29,1.1
858,D.J. Smith,22,D,TOR,3,0,0,0,-1,5,0,0,0,0,0,0,0,2,0.0,38,12:37,-0.1
859,Dan Smith,23,D,COL,3,0,0,0,2,0,0,0,0,0,0,0,0,0,,33,11:03,0.2
860,Jason Smith,26,D,EDM,80,3,11,14,16,60,3,0,0,1,10,0,1,96,3.1,1700,21:15,4.8
861,Steve Smith,36,D,CGY,20,0,4,4,-13,42,0,0,0,0,4,0,0,10,0.0,422,21:07,-0.2
862,Wyatt Smith,22,C,PHX,2,0,0,0,-2,0,0,0,0,0,0,0,0,0,,23,11:39,-0.1
863,Bryan Smolinski,28,C,LAK,79,20,36,56,2,48,18,2,0,0,23,12,1,160,12.5,1468,18:35,5.1
864,Ryan Smyth,23,LW,EDM,82,28,26,54,-2,58,17,11,0,4,21,4,1,238,11.8,1574,19:12,5.7
865,Martin Sonnenberg,22,LW,PIT,14,1,2,3,0,0,0,1,0,0,2,0,0,19,5.3,104,7:26,0.2
866,Brent Sopel,23,D,VAN,18,2,4,6,9,12,2,0,0,1,4,0,0,11,18.2,189,10:31,1.7
867,Lee Sorochan,24,D,CGY,1,0,0,0,0,0,0,0,0,0,0,0,0,0,,4,3:40,0.0
868,Sheldon Souray,23,D,TOT,71,3,8,11,1,114,3,0,0,0,6,2,0,113,2.7,1261,17:45,3.0
869,Sheldon Souray,23,D,NJD,52,0,8,8,-6,70,0,0,0,0,6,2,0,74,0.0,894,17:12,1.2
870,Sheldon Souray,23,D,MTL,19,3,0,3,7,44,3,0,0,0,0,0,0,39,7.7,367,19:18,1.8
871,Jaroslav Spacek,25,D,FLA,82,10,26,36,7,53,6,4,0,1,14,12,0,111,9.0,1858,22:40,7.0
872,Martin St. Louis,24,C,CGY,56,3,15,18,-5,22,3,0,0,1,14,0,1,73,4.1,823,14:41,0.5
873,Steve Staios,26,RW,ATL,27,2,3,5,-5,66,2,0,0,0,3,0,0,38,5.3,351,13:01,0.0
874,Mike Stapleton,33,C,ATL,62,10,12,22,-29,30,6,4,0,1,7,5,0,146,6.8,1073,17:18,0.6
875,Patrik Stefan,19,C,ATL,72,5,20,25,-20,30,4,1,0,0,18,2,0,117,4.3,1067,14:49,0.8
876,Ron Stern,33,RW,SJS,67,4,5,9,-9,151,4,0,0,0,5,0,0,63,6.3,611,9:07,0.0
877,Kevin Stevens,34,LW,NYR,38,3,5,8,-7,43,2,1,0,0,5,0,0,44,6.8,475,12:29,0.1
878,Scott Stevens,35,D,NJD,78,8,21,29,30,103,7,0,1,1,18,1,2,133,6.0,1824,23:23,7.9
879,Jeremy Stevenson,25,LW,MDA,3,0,0,0,-1,7,0,0,0,0,0,0,0,2,0.0,21,6:50,-0.1
880,Turner Stevenson,27,RW,MTL,64,8,13,21,-1,61,8,0,0,2,12,1,0,94,8.5,843,13:10,1.9
881,Cam Stewart,28,LW,FLA,65,9,7,16,-2,30,9,0,0,3,6,1,0,52,17.3,589,9:04,1.5
882,Cory Stillman,26,C,CGY,37,12,9,21,-9,12,6,6,0,3,6,3,0,59,20.3,657,17:45,1.9
883,P.J. Stock,24,C,NYR,11,0,1,1,1,11,0,0,0,0,1,0,0,2,0.0,68,6:13,0.0
884,Martin Straka,27,C,PIT,71,20,39,59,24,26,16,3,1,2,27,12,0,146,13.7,1701,23:58,5.7
885,Jason Strudwick,24,D,VAN,63,1,3,4,-13,64,1,0,0,0,3,0,0,18,5.6,958,15:12,0.2
886,Brad Stuart,20,D,SJS,82,10,26,36,3,32,4,5,1,3,15,9,2,133,7.5,1673,20:24,6.7
887,Jozef Stumpel,27,C,LAK,57,17,41,58,23,10,14,3,0,7,27,14,0,126,13.5,1098,19:16,6.5
888,Marco Sturm,21,LW,SJS,74,12,15,27,4,22,6,2,4,3,14,0,1,120,10.0,1044,14:07,2.5
889,Radoslav Suchy,23,D,PHX,60,0,6,6,2,16,0,0,0,0,5,1,0,36,0.0,909,15:09,1.6
890,Mike Sullivan,31,C,PHX,79,5,10,15,-4,10,3,0,2,1,10,0,0,59,8.5,916,11:36,0.3
891,Steve Sullivan,25,C,TOT,80,22,43,65,19,56,19,2,1,6,30,13,0,180,12.2,1403,17:32,7.2
892,Steve Sullivan,25,C,CHI,73,22,42,64,20,52,19,2,1,6,29,13,0,169,13.0,1320,18:05,7.3
893,Steve Sullivan,25,C,TOR,7,0,1,1,-1,4,0,0,0,0,1,0,0,11,0.0,83,11:52,-0.1
894,Mats Sundin,28,C,TOR,73,32,41,73,16,46,20,10,2,7,31,9,1,184,17.4,1473,20:11,8.9
895,Niklas Sundstrom,24,LW,SJS,79,12,25,37,9,22,9,2,1,2,19,6,0,90,13.3,1198,15:10,3.4
896,Gary Suter,35,D,SJS,76,6,28,34,7,52,3,2,1,0,5,20,3,175,3.4,1785,23:30,6.5
897,Ron Sutter,36,C,SJS,78,5,6,11,-3,34,4,0,1,1,6,0,0,68,7.4,746,9:34,0.3
898,Andy Sutton,24,D,SJS,40,1,1,2,-5,80,1,0,0,0,1,0,0,29,3.4,518,12:57,0.5
899,Ken Sutton,30,D,NJD,6,0,2,2,2,2,0,0,0,0,1,1,0,10,0.0,104,17:21,0.5
900,Per Svartvadet,24,LW,ATL,38,3,4,7,-8,6,3,0,0,0,4,0,0,36,8.3,509,13:24,0.0
901,Robert Svehla,31,D,FLA,82,9,40,49,23,64,6,3,0,1,22,18,0,143,6.3,2013,24:33,9.6
902,Jaroslav Svejkovsky,23,LW,TOT,52,6,7,13,-14,30,5,1,0,0,5,2,0,60,10.0,565,10:52,0.4
903,Jaroslav Svejkovsky,23,LW,TBL,29,5,5,10,-7,28,5,0,0,0,5,0,0,42,11.9,359,12:22,0.7
904,Jaroslav Svejkovsky,23,LW,WSH,23,1,2,3,-7,2,0,1,0,0,0,2,0,18,5.6,207,9:00,-0.2
905,Petr Svoboda,33,D,TBL,70,2,23,25,-11,170,0,2,0,0,10,9,4,93,2.2,1610,23:00,3.4
906,Don Sweeney,33,D,BOS,81,1,13,14,-14,48,1,0,0,0,12,1,0,82,1.2,1712,21:08,2.6
907,Darryl Sydor,27,D,DAL,74,8,26,34,6,32,3,5,0,1,14,11,1,132,6.1,1713,23:09,7.6
908,Petr Sykora,23,C,NJD,79,25,43,68,24,26,19,5,1,4,30,13,0,222,11.3,1351,17:06,8.1
909,Dean Sylvester,27,RW,ATL,52,16,10,26,-14,24,15,1,0,2,8,2,0,98,16.3,714,13:44,2.8
910,Chris Tamer,29,D,ATL,69,2,8,10,-32,91,2,0,0,0,6,1,1,61,3.3,1275,18:29,0.4
911,David Tanabe,19,D,CAR,31,4,0,4,-4,14,1,3,0,0,0,0,0,28,14.3,400,12:53,1.1
912,Alex Tanguay,20,C,COL,76,17,34,51,6,22,12,5,0,3,29,5,0,74,23.0,1188,15:38,5.3
913,Chris Taylor,27,C,BUF,11,1,1,2,-2,2,1,0,0,0,1,0,0,15,6.7,120,10:54,0.0
914,Tim Taylor,30,C,NYR,76,9,11,20,-4,72,9,0,0,2,8,1,2,79,11.4,1075,14:09,1.1
915,Alexei Tezikov,21,D,WSH,23,1,1,2,-2,2,0,1,0,1,0,1,0,18,5.6,242,10:30,0.4
916,Chris Therien,28,D,PHI,80,4,9,13,11,66,3,1,0,1,9,0,0,126,3.2,1617,20:12,5.0
917,Steve Thomas,36,RW,TOR,81,26,37,63,1,68,17,9,0,9,22,15,0,151,17.2,1321,16:19,6.9
918,Joe Thornton,20,C,BOS,81,23,37,60,-5,82,18,5,0,3,29,8,0,171,13.5,1725,21:18,5.7
919,Scott Thornton,29,C,TOT,65,8,6,14,-12,108,7,1,0,1,6,0,0,83,9.6,835,12:50,0.7
920,Scott Thornton,29,C,MTL,35,2,3,5,-7,70,2,0,0,1,3,0,0,36,5.6,443,12:40,-0.1
921,Scott Thornton,29,C,DAL,30,6,3,9,-5,38,5,1,0,0,3,0,0,47,12.8,391,13:03,0.8
922,Mattias Timander,25,D,BOS,60,0,8,8,-11,22,0,0,0,0,7,1,0,39,0.0,749,12:29,0.9
923,Kimmo Timonen,24,D,NSH,51,8,25,33,-5,26,5,2,1,2,11,14,0,97,8.2,1076,21:06,5.2
924,German Titov,34,LW,TOT,70,17,29,46,-1,38,11,4,2,3,21,7,1,122,13.9,1376,19:39,3.8
925,German Titov,34,LW,PIT,63,17,25,42,-3,34,11,4,2,3,17,7,1,111,15.3,1281,20:20,3.5
926,German Titov,34,LW,EDM,7,0,4,4,2,4,0,0,0,0,4,0,0,11,0.0,95,13:33,0.3
927,Keith Tkachuk,27,LW,PHX,50,22,21,43,7,82,16,5,1,1,15,3,3,183,12.0,967,19:21,5.2
928,Rick Tocchet,35,RW,TOT,80,15,20,35,-1,90,11,4,0,1,18,2,0,130,11.5,1255,15:41,3.0
929,Rick Tocchet,35,RW,PHX,64,12,17,29,-5,67,10,2,0,1,15,2,0,107,11.2,1018,15:54,2.2
930,Rick Tocchet,35,RW,PHI,16,3,3,6,4,23,1,2,0,0,3,0,0,23,13.0,237,14:47,0.8
931,Jeff Toms,25,LW,WSH,20,1,2,3,-1,4,1,0,0,1,2,0,0,18,5.6,169,8:26,0.1
932,Pavel Torgaev,34,LW,TOT,14,0,4,4,1,6,0,0,0,0,3,1,0,18,0.0,173,12:21,0.2
933,Pavel Torgaev,34,LW,CGY,9,0,2,2,0,4,0,0,0,0,1,1,0,12,0.0,134,14:51,0.0
934,Pavel Torgaev,34,LW,TBL,5,0,2,2,1,2,0,0,0,0,2,0,0,6,0.0,39,7:50,0.2
935,Patrick Traverse,25,D,OTT,66,6,17,23,17,21,5,1,0,0,12,5,0,73,8.2,1235,18:43,5.7
936,Dan Trebil,25,D,PIT,3,1,0,1,2,0,1,0,0,0,0,0,0,2,50.0,38,12:33,0.4
937,Yannick Tremblay,24,D,ATL,75,10,21,31,-42,22,5,4,1,2,9,12,0,139,7.2,1459,19:27,2.9
938,Pascal Trepanier,26,D,MDA,37,0,4,4,2,54,0,0,0,0,2,2,0,33,0.0,418,11:18,1.0
939,Pavel Trnka,23,D,MDA,57,2,15,17,12,34,2,0,0,0,14,0,1,54,3.7,1103,19:21,4.1
940,Jean-Guy Trudel,24,RW,PHX,1,0,0,0,-1,0,0,0,0,0,0,0,0,0,,5,4:33,0.0
941,Vladimir Tsyplakov,30,LW,TOT,63,12,20,32,23,14,11,1,0,2,18,2,0,76,15.8,774,12:17,4.1
942,Vladimir Tsyplakov,30,LW,BUF,34,6,13,19,17,10,6,0,0,1,11,2,0,46,13.0,465,13:41,2.5
943,Vladimir Tsyplakov,30,LW,LAK,29,6,7,13,6,4,5,1,0,1,7,0,0,30,20.0,309,10:39,1.6
944,Darcy Tucker,24,LW,TOT,77,21,30,51,-12,163,18,1,2,5,21,8,1,138,15.2,1449,18:49,4.4
945,Darcy Tucker,24,LW,TBL,50,14,20,34,-15,108,13,1,0,2,14,6,0,98,14.3,998,19:58,2.6
946,Darcy Tucker,24,LW,TOR,27,7,10,17,3,55,5,0,2,3,7,2,1,40,17.5,451,16:41,1.8
947,Marko Tuomainen,27,RW,LAK,63,9,8,17,-12,80,6,2,1,1,7,1,0,74,12.2,725,11:30,0.8
948,Darren Turcotte,31,C,NSH,9,0,1,1,0,4,0,0,0,0,1,0,0,13,0.0,83,9:13,0.0
949,Pierre Turgeon,30,C,STL,52,26,40,66,30,8,18,8,0,3,23,16,1,139,18.7,999,19:13,9.0
950,Oleg Tverdovsky,23,D,MDA,82,15,36,51,5,30,10,5,0,5,21,14,1,153,9.8,1867,22:46,9.2
951,Igor Ulanov,30,D,TOT,57,1,8,9,-14,86,1,0,0,0,6,2,0,39,2.6,941,16:31,1.4
952,Igor Ulanov,30,D,MTL,43,1,5,6,-11,76,1,0,0,0,5,0,0,33,3.0,712,16:33,1.1
953,Igor Ulanov,30,D,EDM,14,0,3,3,-3,10,0,0,0,0,1,2,0,6,0.0,229,16:23,0.3
954,Lubomir Vaic,22,C,VAN,4,0,0,0,0,0,0,0,0,0,0,0,0,2,0.0,30,7:28,-0.1
955,Rob Valicevic,29,C,NSH,80,14,11,25,-11,21,11,2,1,3,8,1,2,113,12.4,1161,14:31,1.9
956,Garry Valk,32,RW,TOR,73,10,14,24,-2,44,9,0,1,1,11,1,2,91,11.0,938,12:51,1.7
957,Shaun Van Allen,32,C,OTT,75,9,19,28,20,37,7,0,2,4,18,0,1,75,12.0,886,11:49,3.2
958,David Van Drunen,24,D,OTT,1,0,0,0,0,0,0,0,0,0,0,0,0,0,,5,4:38,0.0
959,Darren Van Impe,26,D,BOS,79,5,23,28,-19,73,1,4,0,0,8,15,0,97,5.2,1541,19:31,3.9
960,Ryan VandenBussche,26,RW,CHI,52,0,1,1,-3,143,0,0,0,0,0,1,0,19,0.0,292,5:37,-0.6
961,Vaclav Varada,23,RW,BUF,76,10,27,37,12,62,10,0,0,0,24,3,0,140,7.1,1137,14:58,3.5
962,Sergei Varlamov,21,RW,CGY,7,3,0,3,0,0,3,0,0,1,0,0,0,11,27.3,73,10:22,0.5
963,Alexei Vasiliev,22,D,NYR,1,0,0,0,-1,2,0,0,0,0,0,0,0,0,,16,15:57,-0.1
964,Herbert Vasiljevs,23,C,ATL,7,1,0,1,-3,4,1,0,0,0,0,0,0,2,50.0,65,9:18,0.0
965,Pat Verbeek,35,RW,DET,68,22,26,48,22,95,15,7,0,5,20,6,0,138,15.9,1092,16:04,6.0
966,Terry Virtue,29,D,NYR,1,0,0,0,-2,0,0,0,0,0,0,0,0,2,0.0,13,12:32,-0.1
967,Vitaly Vishnevski,19,D,MDA,31,1,1,2,-2,26,0,1,0,0,1,0,0,17,5.9,516,16:38,0.7
968,Alexandre Volchkov,22,RW,WSH,3,0,0,0,-2,0,0,0,0,0,0,0,0,1,0.0,30,10:07,-0.1
969,Jan Vopat,26,D,NSH,6,0,0,0,1,6,0,0,0,0,0,0,0,3,0.0,108,17:55,0.2
970,Vladimir Vujtek,27,LW,ATL,3,0,0,0,0,0,0,0,0,0,0,0,0,2,0.0,33,10:52,0.0
971,Sergei Vyshedkevich,25,D,ATL,7,1,3,4,-3,2,0,1,0,0,2,1,0,5,20.0,163,23:18,0.5
972,Scott Walker,26,RW,NSH,69,7,21,28,-16,90,6,0,1,0,20,1,0,98,7.1,1092,15:49,1.4
973,Jesse Wallin,21,D,DET,1,0,0,0,-2,0,0,0,0,0,0,0,0,0,,19,19:22,-0.1
974,Aaron Ward,27,D,DET,36,1,3,4,-4,24,1,0,0,0,3,0,0,25,4.0,453,12:36,0.6
975,Dixon Ward,31,LW,BUF,71,11,9,20,1,41,8,1,2,2,8,1,0,101,10.9,992,13:58,1.6
976,Ed Ward,30,RW,TOT,52,6,1,7,-7,59,4,0,2,0,1,0,0,56,10.7,559,10:45,0.2
977,Ed Ward,30,RW,ATL,44,5,1,6,-5,44,3,0,2,0,1,0,0,51,9.8,503,11:26,0.2
978,Ed Ward,30,RW,MDA,8,1,0,1,-2,15,1,0,0,0,0,0,0,5,20.0,55,6:56,0.0
979,Jason Ward,21,RW,MTL,32,2,1,3,-1,10,1,1,0,0,1,0,0,24,8.3,294,9:10,0.1
980,Rhett Warrener,24,D,BUF,61,0,3,3,18,89,0,0,0,0,3,0,0,68,0.0,1211,19:51,3.0
981,Todd Warriner,26,C,TOT,73,14,14,28,-8,36,10,3,1,0,11,3,0,133,10.5,1132,15:30,2.0
982,Todd Warriner,26,C,TBL,55,11,13,24,-14,34,7,3,1,0,10,3,0,100,11.0,906,16:28,1.5
983,Todd Warriner,26,C,TOR,18,3,1,4,6,2,3,0,0,0,1,0,0,33,9.1,226,12:33,0.5
984,Steve Washburn,24,C,PHI,1,0,0,0,0,0,0,0,0,0,0,0,0,1,0.0,14,14:26,0.0
985,Mike Watt,23,LW,NYI,45,5,6,11,-8,17,4,0,1,0,6,0,0,49,10.2,541,12:02,0.4
986,Steve Webb,24,RW,NYI,65,1,3,4,-4,103,1,0,0,0,3,0,0,27,3.7,455,7:00,-0.4
987,Doug Weight,29,C,EDM,77,21,51,72,6,54,17,3,1,4,29,22,0,167,12.6,1585,20:35,7.2
988,Eric Weinrich,33,D,MTL,77,4,25,29,4,39,2,2,0,0,8,16,1,120,3.3,1952,25:21,7.1
989,Chris Wells,24,C,FLA,13,0,0,0,-5,14,0,0,0,0,0,0,0,5,0.0,109,8:23,-0.4
990,Brad Werenka,30,D,TOT,73,4,9,13,13,90,4,0,0,1,9,0,0,62,6.5,1396,19:07,3.8
991,Brad Werenka,30,D,PIT,61,3,8,11,15,69,3,0,0,1,8,0,0,42,7.1,1100,18:02,3.4
992,Brad Werenka,30,D,CGY,12,1,1,2,-2,21,1,0,0,0,1,0,0,20,5.0,295,24:37,0.4
993,Glen Wesley,31,D,CAR,78,7,15,22,-4,38,6,1,0,0,11,4,0,99,7.1,1680,21:32,5.2
994,Tommy Westlund,25,RW,CAR,81,4,8,12,-10,19,3,0,1,0,8,0,0,67,6.0,841,10:23,0.1
995,Colin White,22,D,NJD,21,2,1,3,3,40,2,0,0,1,1,0,0,29,6.9,310,14:45,1.0
996,Peter White,30,LW,PHI,21,1,5,6,1,6,1,0,0,0,5,0,0,24,4.2,274,13:04,0.4
997,Todd White,24,C,TOT,4,1,0,1,-1,0,1,0,0,0,0,0,0,4,25.0,44,11:07,0.1
998,Todd White,24,C,PHI,3,1,0,1,-1,0,1,0,0,0,0,0,0,4,25.0,31,10:29,0.1
999,Todd White,24,C,CHI,1,0,0,0,0,0,0,0,0,0,0,0,0,0,,13,13:02,0.0
1000,Ray Whitney,27,LW,FLA,81,29,42,71,16,35,24,5,0,3,25,17,0,198,14.6,1514,18:41,8.3
1001,Jason Wiemer,23,LW,CGY,64,11,11,22,-10,120,9,2,0,3,9,2,0,104,10.6,940,14:41,1.4
1002,Shane Willis,22,RW,CAR,2,0,0,0,-1,0,0,0,0,0,0,0,0,1,0.0,12,5:50,-0.1
1003,Brian Willsie,21,RW,COL,1,0,0,0,0,0,0,0,0,0,0,0,0,1,0.0,8,8:16,0.0
1004,Clarke Wilm,23,C,CGY,78,10,12,22,-6,67,6,1,3,0,10,2,0,81,12.3,986,12:38,1.4
1005,Landon Wilson,24,RW,BOS,40,1,3,4,-6,18,1,0,0,0,3,0,0,67,1.5,406,10:09,-0.4
1006,Mike Wilson,24,D,FLA,60,4,16,20,10,35,4,0,0,2,10,6,0,65,6.2,1087,18:07,4.3
1007,Johan Witehall,28,LW,NYR,9,1,1,2,0,2,1,0,0,0,1,0,0,6,16.7,76,8:26,0.2
1008,Brendan Witt,24,D,WSH,77,1,7,8,5,114,1,0,0,0,6,1,0,64,1.6,1612,20:56,2.9
1009,Jason Woolley,30,D,BUF,74,8,25,33,14,52,6,2,0,2,9,16,0,113,7.1,1321,17:51,6.8
1010,Peter Worrell,22,LW,FLA,48,3,6,9,-7,169,1,2,0,1,4,2,0,45,6.7,404,8:25,0.3
1011,Jamie Wright,23,LW,DAL,23,1,4,5,4,16,1,0,0,0,4,0,0,15,6.7,226,9:50,0.5
1012,Tyler Wright,26,C,PIT,50,12,10,22,4,45,12,0,0,1,10,0,0,68,17.6,670,13:24,2.3
1013,Vitali Yachmenev,25,RW,NSH,68,16,16,32,5,12,14,1,1,3,16,0,0,120,13.3,1049,15:26,3.6
1014,Terry Yake,31,RW,TOT,61,10,14,24,4,34,7,3,0,3,12,2,0,55,18.2,801,13:08,2.3
1015,Terry Yake,31,RW,WSH,35,6,5,11,2,12,5,1,0,1,5,0,0,29,20.7,441,12:36,1.1
1016,Terry Yake,31,RW,STL,26,4,9,13,2,22,2,2,0,2,7,2,0,26,15.4,360,13:51,1.3
1017,Dmitri Yakushin,22,D,TOR,2,0,0,0,0,2,0,0,0,0,0,0,0,1,0.0,20,10:03,0.0
1018,Stephane Yelle,25,C,COL,79,8,14,22,9,28,7,0,1,1,13,1,0,90,8.9,1253,15:51,1.4
1019,Juha Ylonen,27,C,PHX,76,6,23,29,-6,12,5,0,1,1,21,1,1,82,7.3,1270,16:43,1.1
1020,Harry York,25,C,VAN,54,4,13,17,-4,20,2,1,1,0,11,0,2,50,8.0,679,12:35,0.8
1021,Jason York,29,D,OTT,79,8,22,30,-3,60,7,1,0,1,14,7,1,159,5.0,1843,23:20,5.8
1022,Mike York,22,C,NYR,82,26,24,50,-17,18,18,8,0,4,20,4,0,177,14.7,1299,15:51,5.0
1023,B.J. Young,22,RW,DET,1,0,0,0,0,0,0,0,0,0,0,0,0,1,0.0,1,1:04,0.0
1024,Scott Young,32,RW,STL,75,24,15,39,12,18,17,6,1,7,7,8,0,244,9.8,1208,16:06,5.0
1025,Dmitry Yushkevich,28,D,TOR,77,3,24,27,2,55,0,2,1,1,20,3,1,103,2.9,1794,23:18,4.5
1026,Steve Yzerman,34,C,DET,78,35,44,79,28,34,18,15,2,6,28,14,2,234,15.0,1647,21:07,9.8
1027,Zarley Zalapski,31,D,PHI,12,0,2,2,0,6,0,0,0,0,2,0,0,6,0.0,170,14:12,0.5
1028,Rob Zamuner,30,LW,OTT,57,9,12,21,-6,32,8,0,1,0,11,1,0,103,8.7,851,14:56,1.5
1029,Richard Zednik,24,LW,WSH,69,19,16,35,6,54,18,1,0,2,15,1,0,179,10.6,1074,15:34,4.0
1030,Jeff Zehr,21,LW,BOS,4,0,0,0,-1,2,0,0,0,0,0,0,0,3,0.0,30,7:25,-0.1
1031,Valeri Zelepukin,31,LW,PHI,77,11,21,32,-3,55,9,2,0,3,12,9,0,125,8.8,1126,14:37,2.8
1032,Rob Zettler,31,D,WSH,12,0,2,2,-1,19,0,0,0,0,2,0,0,15,0.0,184,15:22,0.3
1033,Alex Zhamnov,29,C,CHI,71,23,37,60,7,61,18,5,0,7,24,9,4,175,13.1,1572,22:08,6.0
1034,Alexei Zhitnik,27,D,BUF,74,2,11,13,-6,95,1,1,0,0,4,5,2,139,1.4,1835,24:48,3.0
1035,Sergei Zholtok,27,C,MTL,68,26,12,38,2,28,17,9,0,7,9,3,0,163,16.0,1175,17:17,5.2
1036,Doug Zmolek,29,D,CHI,43,2,7,9,6,60,2,0,0,0,4,2,1,24,8.3,656,15:15,2.0
1037,Sergei Zubov,29,D,DAL,77,9,33,42,-2,18,5,3,1,3,12,19,2,179,5.0,2220,28:50,8.8
1038,Dainius Zubrus,21,RW,MTL,73,14,28,42,-1,54,11,3,0,1,22,6,0,139,10.1,1286,17:37,4.1
1039,Andrei Zyuzin,22,D,TBL,34,2,9,11,-11,33,2,0,0,0,6,3,0,47,4.3,696,20:28,1.1
